19159481	/Data/lzp/BioInterpretebility-CC/analysis_exports/20260510_no_primateai_slim/local/Research1/results/variant_effect/clinvar_indels.tsv
8850377	/Data/lzp/BioInterpretebility-CC/analysis_exports/20260510_no_primateai_slim/remote_pull/oss-pvc/zhk_zip/biocc/Research1/results/variant_effect/indel_records_supported_20260504.jsonl
8850377	/Data/lzp/BioInterpretebility-CC/analysis_exports/20260510_no_primateai_slim/local/Research1/results/variant_effect/indel_records_supported_20260504.jsonl
5187969	/Data/lzp/BioInterpretebility-CC/analysis_exports/20260510_no_primateai_slim/remote_pull/oss-pvc/zhk_zip/biocc/Research1/results/variant_effect/indel_mechanism_predictions_20260504.jsonl
5187969	/Data/lzp/BioInterpretebility-CC/analysis_exports/20260510_no_primateai_slim/local/Research1/results/variant_effect/indel_mechanism_predictions_20260504.jsonl
4908983	/Data/lzp/BioInterpretebility-CC/analysis_exports/20260510_no_primateai_slim/local/Research1/logs/train_all_layers_0304_4.log
1147888	/Data/lzp/BioInterpretebility-CC/analysis_exports/20260510_no_primateai_slim/local/Research1/results/h200_results_20260404/logs/train_layer23.log
1147864	/Data/lzp/BioInterpretebility-CC/analysis_exports/20260510_no_primateai_slim/local/Research1/results/h200_results_20260404/logs/train_layer27.log
1147852	/Data/lzp/BioInterpretebility-CC/analysis_exports/20260510_no_primateai_slim/local/Research1/results/h200_results_20260404/logs/train_layer31.log
1147555	/Data/lzp/BioInterpretebility-CC/analysis_exports/20260510_no_primateai_slim/local/Research1/results/h200_results_20260404/logs/train_layer35.log
1147387	/Data/lzp/BioInterpretebility-CC/analysis_exports/20260510_no_primateai_slim/local/Research1/results/h200_results_20260404/logs/train_layer19.log
1140305	/Data/lzp/BioInterpretebility-CC/analysis_exports/20260510_no_primateai_slim/local/Research1/logs/train_layer19_normalized_v2.log
829771	/Data/lzp/BioInterpretebility-CC/analysis_exports/20260510_no_primateai_slim/local/Research1/logs/train_all_layers_0304_3.log
794838	/Data/lzp/BioInterpretebility-CC/analysis_exports/20260510_no_primateai_slim/local/Research2/results/h200_results_20260404/logs/r2_clt_all_models_rerun_20260403_launcher.log
738857	/Data/lzp/BioInterpretebility-CC/analysis_exports/20260510_no_primateai_slim/local/Research2/results/circuit_analysis/zymctrl/feature_interpretation.json
652770	/Data/lzp/BioInterpretebility-CC/analysis_exports/20260510_no_primateai_slim/remote_pull/oss-pvc/zhk_zip/biocc/Research1/logs/runtime/t1c_indel_mechanism_20260504.log
652770	/Data/lzp/BioInterpretebility-CC/analysis_exports/20260510_no_primateai_slim/local/Research1/logs/runtime/t1c_indel_mechanism_20260504.log
503471	/Data/lzp/BioInterpretebility-CC/analysis_exports/20260510_no_primateai_slim/local/Research1/results/variant_effect/clinvar_indels_sample.tsv
398813	/Data/lzp/BioInterpretebility-CC/analysis_exports/20260510_no_primateai_slim/remote_pull/gpfs/jiaotongdamoxing/zhk_zip/biocc/Research2/logs/runtime/r2a_protgpt2_v2_20260423.log
398019	/Data/lzp/BioInterpretebility-CC/analysis_exports/20260510_no_primateai_slim/remote_pull/gpfs/jiaotongdamoxing/zhk_zip/biocc/Research2/logs/runtime/r2a_protgpt2_v2_20260417.log
396983	/Data/lzp/BioInterpretebility-CC/analysis_exports/20260510_no_primateai_slim/remote_pull/gpfs/jiaotongdamoxing/zhk_zip/biocc/Research2/logs/runtime/r2b_zymctrl_v2_20260420.log
390652	/Data/lzp/BioInterpretebility-CC/analysis_exports/20260510_no_primateai_slim/remote_pull/gpfs/jiaotongdamoxing/zhk_zip/biocc/Research2/logs/runtime/r2b_zymctrl_v2_20260423.log
344705	/Data/lzp/BioInterpretebility-CC/analysis_exports/20260510_no_primateai_slim/remote_pull/oss-pvc/zhk_zip/biocc/Research1/results/variant_effect/external_baselines_available_scores_20260507.tsv
344705	/Data/lzp/BioInterpretebility-CC/analysis_exports/20260510_no_primateai_slim/local/Research1/results/variant_effect/external_baselines_available_scores_20260507.tsv
320893	/Data/lzp/BioInterpretebility-CC/analysis_exports/20260510_no_primateai_slim/remote_pull/oss-pvc/zhk_zip/biocc/Research2/results/drug_design/ec_lysozyme_leads_v2.json
320893	/Data/lzp/BioInterpretebility-CC/analysis_exports/20260510_no_primateai_slim/local/Research2/results/drug_design/ec_lysozyme_leads_v2.json
258943	/Data/lzp/BioInterpretebility-CC/analysis_exports/20260510_no_primateai_slim/local/Research1/results/variant_effect/esm2_per_variant_llr.json
229853	/Data/lzp/BioInterpretebility-CC/analysis_exports/20260510_no_primateai_slim/remote_pull/oss-pvc/zhk_zip/biocc/Research2/results/ec_metrics/foldseek_calibration_lysozyme_20260507/real_lysozyme.m8
223065	/Data/lzp/BioInterpretebility-CC/analysis_exports/20260510_no_primateai_slim/local/Research1/results/variant_effect/variant_predictions.json
218305	/Data/lzp/BioInterpretebility-CC/analysis_exports/20260510_no_primateai_slim/remote_pull/oss-pvc/zhk_zip/biocc/Research2/results/drug_design/ec_lysozyme_leads.json
218305	/Data/lzp/BioInterpretebility-CC/analysis_exports/20260510_no_primateai_slim/local/Research2/results/drug_design/ec_lysozyme_leads.json
198002	/Data/lzp/BioInterpretebility-CC/analysis_exports/20260510_no_primateai_slim/local/Research2/results/h200_results_20260404/logs/r2_clt_progen2_xlarge_rerun_20260403_logs_clt_progen2-xlarge.log
197986	/Data/lzp/BioInterpretebility-CC/analysis_exports/20260510_no_primateai_slim/local/Research2/results/h200_results_20260404/logs/r2_clt_progen2_medium_rerun_20260403_logs_clt_progen2-medium.log
197940	/Data/lzp/BioInterpretebility-CC/analysis_exports/20260510_no_primateai_slim/local/Research2/results/h200_results_20260404/logs/r2_clt_protgpt2_rerun_20260403_logs_clt_protgpt2.log
197694	/Data/lzp/BioInterpretebility-CC/analysis_exports/20260510_no_primateai_slim/local/Research2/results/h200_results_20260404/logs/r2_clt_zymctrl_rerun_20260403_logs_clt_zymctrl.log
197598	/Data/lzp/BioInterpretebility-CC/analysis_exports/20260510_no_primateai_slim/local/Research2/results/h200_results_20260404/logs/r2_clt_progen2_medium_full_20260402_v2_logs_launcher.log
197598	/Data/lzp/BioInterpretebility-CC/analysis_exports/20260510_no_primateai_slim/local/Research2/logs/r2_clt_progen2_medium_full_20260402_v2__launcher.log
197523	/Data/lzp/BioInterpretebility-CC/analysis_exports/20260510_no_primateai_slim/local/Research2/results/h200_results_20260404/logs/r2_clt_protgpt2_full_20260402_logs_launcher.log
197523	/Data/lzp/BioInterpretebility-CC/analysis_exports/20260510_no_primateai_slim/local/Research2/logs/r2_clt_protgpt2_full_20260402__launcher.log
197201	/Data/lzp/BioInterpretebility-CC/analysis_exports/20260510_no_primateai_slim/local/Research2/results/h200_results_20260404/logs/r2_clt_zymctrl_full_20260402_logs_launcher.log
197201	/Data/lzp/BioInterpretebility-CC/analysis_exports/20260510_no_primateai_slim/local/Research2/logs/r2_clt_zymctrl_full_20260402__launcher.log
197030	/Data/lzp/BioInterpretebility-CC/analysis_exports/20260510_no_primateai_slim/local/Research2/results/h200_results_20260404/logs/r2_clt_progen2_medium_full_20260402_v2_logs_clt_progen2-medium.log
197030	/Data/lzp/BioInterpretebility-CC/analysis_exports/20260510_no_primateai_slim/local/Research2/logs/r2_clt_progen2_medium_full_20260402_v2__clt_progen2-medium.log
196970	/Data/lzp/BioInterpretebility-CC/analysis_exports/20260510_no_primateai_slim/local/Research2/results/h200_results_20260404/logs/r2_clt_protgpt2_full_20260402_logs_clt_protgpt2.log
196970	/Data/lzp/BioInterpretebility-CC/analysis_exports/20260510_no_primateai_slim/local/Research2/logs/r2_clt_protgpt2_full_20260402__clt_protgpt2.log
196650	/Data/lzp/BioInterpretebility-CC/analysis_exports/20260510_no_primateai_slim/local/Research2/results/h200_results_20260404/logs/r2_clt_zymctrl_full_20260402_logs_clt_zymctrl.log
196650	/Data/lzp/BioInterpretebility-CC/analysis_exports/20260510_no_primateai_slim/local/Research2/logs/r2_clt_zymctrl_full_20260402__clt_zymctrl.log
164806	/Data/lzp/BioInterpretebility-CC/analysis_exports/20260510_no_primateai_slim/remote_pull/oss-pvc/zhk_zip/biocc/Research2/results/ec_metrics/pfam_scan_20260504/generated_sequences.domtblout
163429	/Data/lzp/BioInterpretebility-CC/analysis_exports/20260510_no_primateai_slim/remote_pull/oss-pvc/zhk_zip/biocc/Research2/results/ec_metrics/pfam_calibration_lysozyme_20260507/generated_sequences.domtblout
143098	/Data/lzp/BioInterpretebility-CC/analysis_exports/20260510_no_primateai_slim/remote_pull/oss-pvc/zhk_zip/biocc/Research2/results/ec_metrics/foldseek_calibration_lysozyme_20260507/random_uniref50.m8
125170	/Data/lzp/BioInterpretebility-CC/analysis_exports/20260510_no_primateai_slim/remote_pull/oss-pvc/zhk_zip/biocc/Research1/logs/runtime/t0b_proteingym_signed_20260429_signed.log
125170	/Data/lzp/BioInterpretebility-CC/analysis_exports/20260510_no_primateai_slim/local/Research1/logs/runtime/t0b_proteingym_signed_20260429_signed.log
123701	/Data/lzp/BioInterpretebility-CC/analysis_exports/20260510_no_primateai_slim/local/Research1/results/variant_effect/mechanism_feature_audit_firing_20260504.json
121056	/Data/lzp/BioInterpretebility-CC/analysis_exports/20260510_no_primateai_slim/remote_pull/oss-pvc/zhk_zip/biocc/Research1/logs/runtime/r1d_proteingym_sae_followup_20260426.log
114743	/Data/lzp/BioInterpretebility-CC/analysis_exports/20260510_no_primateai_slim/remote_pull/oss-pvc/zhk_zip/biocc/Research1/results/variant_effect/alphamissense_matched_scores_20260504.tsv
114743	/Data/lzp/BioInterpretebility-CC/analysis_exports/20260510_no_primateai_slim/local/Research1/results/variant_effect/alphamissense_matched_scores_20260504.tsv
113341	/Data/lzp/BioInterpretebility-CC/analysis_exports/20260510_no_primateai_slim/remote_pull/oss-pvc/zhk_zip/biocc/Research2/results/ec_metrics/pfam_scan_20260504/generated_sequences.tblout
110227	/Data/lzp/BioInterpretebility-CC/analysis_exports/20260510_no_primateai_slim/remote_pull/oss-pvc/zhk_zip/biocc/Research2/results/ec_metrics/pfam_calibration_lysozyme_20260507/generated_sequences.tblout
104905	/Data/lzp/BioInterpretebility-CC/analysis_exports/20260510_no_primateai_slim/remote_pull/oss-pvc/zhk_zip/biocc/Research2/results/ec_metrics/pfam_scan_20260504/generated_sequences.fasta
100821	/Data/lzp/BioInterpretebility-CC/analysis_exports/20260510_no_primateai_slim/local/Research1/logs/train_layer19_normalized.log
95926	/Data/lzp/BioInterpretebility-CC/analysis_exports/20260510_no_primateai_slim/remote_pull/oss-pvc/zhk_zip/biocc/Research1/results/variant_effect/proteingym_benchmark_sae_signed_20260429_signed.json
95926	/Data/lzp/BioInterpretebility-CC/analysis_exports/20260510_no_primateai_slim/local/Research1/results/variant_effect/proteingym_benchmark_sae_signed_20260429_signed.json
91610	/Data/lzp/BioInterpretebility-CC/analysis_exports/20260510_no_primateai_slim/local/Research1/results/variant_effect/mechanism_feature_audit_20260503.json
89522	/Data/lzp/BioInterpretebility-CC/analysis_exports/20260510_no_primateai_slim/local/Research1/results/variant_effect/variant_mechanisms.tsv
86793	/Data/lzp/BioInterpretebility-CC/analysis_exports/20260510_no_primateai_slim/local/Research1/logs/train_layer15_v2.log
86342	/Data/lzp/BioInterpretebility-CC/analysis_exports/20260510_no_primateai_slim/local/Research1/logs/train_layer3_v2.log
85868	/Data/lzp/BioInterpretebility-CC/analysis_exports/20260510_no_primateai_slim/local/Research1/logs/train_layer11_v2.log
85514	/Data/lzp/BioInterpretebility-CC/analysis_exports/20260510_no_primateai_slim/local/Research1/logs/train_layer7_v2.log
81607	/Data/lzp/BioInterpretebility-CC/analysis_exports/20260510_no_primateai_slim/remote_pull/oss-pvc/zhk_zip/biocc/Research2/results/ec_metrics/calibration_lysozyme_20260507/calibration_sequences.json
81607	/Data/lzp/BioInterpretebility-CC/analysis_exports/20260510_no_primateai_slim/local/Research2/results/ec_metrics/calibration_lysozyme_20260507/calibration_sequences.json
81183	/Data/lzp/BioInterpretebility-CC/analysis_exports/20260510_no_primateai_slim/remote_pull/oss-pvc/zhk_zip/biocc/Research2/results/ec_metrics/foldseek_calibration_lysozyme_20260507.json
81183	/Data/lzp/BioInterpretebility-CC/analysis_exports/20260510_no_primateai_slim/local/Research2/results/ec_metrics/foldseek_calibration_lysozyme_20260507.json
74619	/Data/lzp/BioInterpretebility-CC/analysis_exports/20260510_no_primateai_slim/local/Research1/logs/train_all_layers_0304.log
71145	/Data/lzp/BioInterpretebility-CC/analysis_exports/20260510_no_primateai_slim/remote_pull/oss-pvc/zhk_zip/biocc/Research1/results/variant_effect/proteingym_benchmark_sae_latest.json
71145	/Data/lzp/BioInterpretebility-CC/analysis_exports/20260510_no_primateai_slim/local/Research1/results/variant_effect/proteingym_benchmark_sae_latest.json
71090	/Data/lzp/BioInterpretebility-CC/analysis_exports/20260510_no_primateai_slim/local/Research1/docs/EXPERIMENT_LOG.md
69706	/Data/lzp/BioInterpretebility-CC/analysis_exports/20260510_no_primateai_slim/remote_pull/oss-pvc/zhk_zip/biocc/Research1/docs/EXPERIMENT_LOG.md
64189	/Data/lzp/BioInterpretebility-CC/analysis_exports/20260510_no_primateai_slim/local/Research1/logs/train_all_layers.log
58988	/Data/lzp/BioInterpretebility-CC/analysis_exports/20260510_no_primateai_slim/local/Research1/data/channelopathy/channelopathy_mechanism_labels.tsv
58305	/Data/lzp/BioInterpretebility-CC/analysis_exports/20260510_no_primateai_slim/MANIFEST.paths.txt
57960	/Data/lzp/BioInterpretebility-CC/analysis_exports/20260510_no_primateai_slim/local/Research1/logs/train_all_layers_0304_2.log
49742	/Data/lzp/BioInterpretebility-CC/analysis_exports/20260510_no_primateai_slim/remote_pull/oss-pvc/zhk_zip/biocc/Research2/results/circuit_analysis/zymctrl/direct_effect_features_v2_summary_20260503.json
49742	/Data/lzp/BioInterpretebility-CC/analysis_exports/20260510_no_primateai_slim/local/Research2/results/circuit_analysis/zymctrl/direct_effect_features_v2_summary_20260503.json
48737	/Data/lzp/BioInterpretebility-CC/analysis_exports/20260510_no_primateai_slim/remote_pull/oss-pvc/zhk_zip/biocc/Research2/results/circuit_analysis/zymctrl/analysis_summary.json
48737	/Data/lzp/BioInterpretebility-CC/analysis_exports/20260510_no_primateai_slim/local/Research2/results/circuit_analysis/zymctrl/analysis_summary.json
48727	/Data/lzp/BioInterpretebility-CC/analysis_exports/20260510_no_primateai_slim/local/Research1/results/variant_effect/proteingym_benchmark.json
47657	/Data/lzp/BioInterpretebility-CC/analysis_exports/20260510_no_primateai_slim/local/Research1/results/variant_effect/mechanism_feature_audit_firing_20260504.md
45501	/Data/lzp/BioInterpretebility-CC/analysis_exports/20260510_no_primateai_slim/remote_pull/oss-pvc/zhk_zip/biocc/Research2/results/causal_ablation/zymctrl_lysozyme_L12_F912.json
45501	/Data/lzp/BioInterpretebility-CC/analysis_exports/20260510_no_primateai_slim/local/Research2/results/causal_ablation/zymctrl_lysozyme_L12_F912.json
45047	/Data/lzp/BioInterpretebility-CC/analysis_exports/20260510_no_primateai_slim/remote_pull/oss-pvc/zhk_zip/biocc/Research2/results/ec_metrics/calibration_random_uniref50_esmfold_20260507.json
45047	/Data/lzp/BioInterpretebility-CC/analysis_exports/20260510_no_primateai_slim/local/Research2/results/ec_metrics/calibration_random_uniref50_esmfold_20260507.json
44831	/Data/lzp/BioInterpretebility-CC/analysis_exports/20260510_no_primateai_slim/remote_pull/oss-pvc/zhk_zip/biocc/Research2/results/ec_metrics/calibration_lysozyme_20260507/calibration_random_uniref50.json
44831	/Data/lzp/BioInterpretebility-CC/analysis_exports/20260510_no_primateai_slim/local/Research2/results/ec_metrics/calibration_lysozyme_20260507/calibration_random_uniref50.json
43759	/Data/lzp/BioInterpretebility-CC/analysis_exports/20260510_no_primateai_slim/remote_pull/oss-pvc/zhk_zip/biocc/Research2/results/ec_metrics/calibration_real_lysozyme_esmfold_20260507.json
43759	/Data/lzp/BioInterpretebility-CC/analysis_exports/20260510_no_primateai_slim/local/Research2/results/ec_metrics/calibration_real_lysozyme_esmfold_20260507.json
42484	/Data/lzp/BioInterpretebility-CC/analysis_exports/20260510_no_primateai_slim/remote_pull/oss-pvc/zhk_zip/biocc/Research2/results/ec_metrics/pfam_calibration_lysozyme_20260507/generated_sequences.fasta
42484	/Data/lzp/BioInterpretebility-CC/analysis_exports/20260510_no_primateai_slim/remote_pull/oss-pvc/zhk_zip/biocc/Research2/results/ec_metrics/calibration_lysozyme_20260507/calibration_sequences.fasta
41113	/Data/lzp/BioInterpretebility-CC/analysis_exports/20260510_no_primateai_slim/local/Research2/results/causal_ablation/zymctrl_v2_lysozyme_L12_F8088_20260425_r2_v2_1gpu.json
36999	/Data/lzp/BioInterpretebility-CC/analysis_exports/20260510_no_primateai_slim/remote_pull/oss-pvc/zhk_zip/biocc/Research2/results/ec_metrics/calibration_lysozyme_20260507/calibration_real_lysozyme.json
36999	/Data/lzp/BioInterpretebility-CC/analysis_exports/20260510_no_primateai_slim/local/Research2/results/ec_metrics/calibration_lysozyme_20260507/calibration_real_lysozyme.json
34977	/Data/lzp/BioInterpretebility-CC/analysis_exports/20260510_no_primateai_slim/remote_pull/oss-pvc/zhk_zip/biocc/Research2/results/ec_metrics/foldseek_generated_lysozyme_20260507/unsteered_baseline.m8
32638	/Data/lzp/BioInterpretebility-CC/analysis_exports/20260510_no_primateai_slim/local/LOG.md
32340	/Data/lzp/BioInterpretebility-CC/analysis_exports/20260510_no_primateai_slim/local/TODO_RESULTS.md
32072	/Data/lzp/BioInterpretebility-CC/analysis_exports/20260510_no_primateai_slim/remote_pull/oss-pvc/zhk_zip/biocc/Research2/results/steering_benchmark/zymctrl_v2_onmanifold_direct_20260503.json
32072	/Data/lzp/BioInterpretebility-CC/analysis_exports/20260510_no_primateai_slim/local/Research2/results/steering_benchmark/zymctrl_v2_onmanifold_direct_20260503.json
31919	/Data/lzp/BioInterpretebility-CC/analysis_exports/20260510_no_primateai_slim/local/Research2/results/steering_benchmark/zymctrl_v2_purity_20260425_r2_v2_1gpu.json
31902	/Data/lzp/BioInterpretebility-CC/analysis_exports/20260510_no_primateai_slim/remote_pull/oss-pvc/zhk_zip/biocc/LOG.md
31679	/Data/lzp/BioInterpretebility-CC/analysis_exports/20260510_no_primateai_slim/remote_pull/oss-pvc/zhk_zip/biocc/TODO_RESULTS.md
30739	/Data/lzp/BioInterpretebility-CC/analysis_exports/20260510_no_primateai_slim/remote_pull/oss-pvc/zhk_zip/biocc/Research2/results/steering_benchmark/zymctrl_purity.json
30739	/Data/lzp/BioInterpretebility-CC/analysis_exports/20260510_no_primateai_slim/local/Research2/results/steering_benchmark/zymctrl_purity.json
30581	/Data/lzp/BioInterpretebility-CC/analysis_exports/20260510_no_primateai_slim/remote_pull/oss-pvc/zhk_zip/biocc/Research1/results/variant_effect/channelopathy_concordance_20260507_remote_smoke.supported.tsv
30581	/Data/lzp/BioInterpretebility-CC/analysis_exports/20260510_no_primateai_slim/remote_pull/oss-pvc/zhk_zip/biocc/Research1/results/variant_effect/channelopathy_concordance_20260507.supported.tsv
30581	/Data/lzp/BioInterpretebility-CC/analysis_exports/20260510_no_primateai_slim/local/Research1/results/variant_effect/channelopathy_concordance_20260507.supported.tsv
30030	/Data/lzp/BioInterpretebility-CC/analysis_exports/20260510_no_primateai_slim/remote_pull/oss-pvc/zhk_zip/biocc/Research1/results/variant_effect/channelopathy_concordance_20260507_remote_smoke.audit.tsv
30030	/Data/lzp/BioInterpretebility-CC/analysis_exports/20260510_no_primateai_slim/remote_pull/oss-pvc/zhk_zip/biocc/Research1/results/variant_effect/channelopathy_concordance_20260507.audit.tsv
30030	/Data/lzp/BioInterpretebility-CC/analysis_exports/20260510_no_primateai_slim/local/Research1/results/variant_effect/channelopathy_concordance_20260507.audit.tsv
29872	/Data/lzp/BioInterpretebility-CC/analysis_exports/20260510_no_primateai_slim/local/Research1/results/variant_effect/mechanism_feature_audit_20260503.md
29103	/Data/lzp/BioInterpretebility-CC/analysis_exports/20260510_no_primateai_slim/remote_pull/oss-pvc/zhk_zip/biocc/Research2/docs/EXPERIMENT_LOG.md
29103	/Data/lzp/BioInterpretebility-CC/analysis_exports/20260510_no_primateai_slim/local/Research2/docs/EXPERIMENT_LOG.md
28390	/Data/lzp/BioInterpretebility-CC/analysis_exports/20260510_no_primateai_slim/local/Research1/data/channelopathy/channelopathy_mechanism_positive_labels.tsv
28027	/Data/lzp/BioInterpretebility-CC/analysis_exports/20260510_no_primateai_slim/local/Research1/data/channelopathy/curation_work/clinvar_clingen_worker.tsv
27666	/Data/lzp/BioInterpretebility-CC/analysis_exports/20260510_no_primateai_slim/local/Research2/logs/r2_v2_queue_20260420.log
24393	/Data/lzp/BioInterpretebility-CC/analysis_exports/20260510_no_primateai_slim/local/Research1/results/variant_effect/cancer_holdout.json
24272	/Data/lzp/BioInterpretebility-CC/analysis_exports/20260510_no_primateai_slim/remote_pull/oss-pvc/zhk_zip/biocc/Research1/logs/runtime/t1d_annotation_firing_20260503.log
24137	/Data/lzp/BioInterpretebility-CC/analysis_exports/20260510_no_primateai_slim/remote_pull/oss-pvc/zhk_zip/biocc/Research2/results/steering_benchmark/smoke/zymctrl_purity_smoke.json
22777	/Data/lzp/BioInterpretebility-CC/analysis_exports/20260510_no_primateai_slim/remote_pull/oss-pvc/zhk_zip/biocc/Research2/results/ec_metrics/foldseek_generated_lysozyme_20260507.json
22777	/Data/lzp/BioInterpretebility-CC/analysis_exports/20260510_no_primateai_slim/local/Research2/results/ec_metrics/foldseek_generated_lysozyme_20260507.json
21350	/Data/lzp/BioInterpretebility-CC/analysis_exports/20260510_no_primateai_slim/remote_pull/gpfs/jiaotongdamoxing/zhk_zip/biocc/Research2/logs/runtime/r2b_zymctrl_v2_resume_20260424.log
20961	/Data/lzp/BioInterpretebility-CC/analysis_exports/20260510_no_primateai_slim/local/Research1/results/variant_effect/proteingym_benchmark_sae_signed_diagnostics_20260503.json
20308	/Data/lzp/BioInterpretebility-CC/analysis_exports/20260510_no_primateai_slim/local/TODO_NEXT.md
20002	/Data/lzp/BioInterpretebility-CC/analysis_exports/20260510_no_primateai_slim/remote_pull/oss-pvc/zhk_zip/biocc/TODO_NEXT.md
19409	/Data/lzp/BioInterpretebility-CC/analysis_exports/20260510_no_primateai_slim/remote_pull/gpfs/jiaotongdamoxing/zhk_zip/biocc/Research2/logs/runtime/t2c_calibration_20260507.log
18574	/Data/lzp/BioInterpretebility-CC/analysis_exports/20260510_no_primateai_slim/remote_pull/oss-pvc/zhk_zip/biocc/Research2/results/ec_metrics/foldseek_generated_lysozyme_20260507/steered_leads.m8
18368	/Data/lzp/BioInterpretebility-CC/analysis_exports/20260510_no_primateai_slim/local/Research1/data/channelopathy/channelopathy_drug_response_labels.tsv
18330	/Data/lzp/BioInterpretebility-CC/analysis_exports/20260510_no_primateai_slim/remote_pull/oss-pvc/zhk_zip/biocc/Research1/results/variant_effect/proteingym_benchmark_sae_diagnostics_20260429.json
18330	/Data/lzp/BioInterpretebility-CC/analysis_exports/20260510_no_primateai_slim/local/Research1/results/variant_effect/proteingym_benchmark_sae_diagnostics_20260429.json
18101	/Data/lzp/BioInterpretebility-CC/analysis_exports/20260510_no_primateai_slim/remote_pull/gpfs/jiaotongdamoxing/zhk_zip/biocc/Research1/logs/runtime/r1d_proteingym_llr_master1_20260420.log
17799	/Data/lzp/BioInterpretebility-CC/analysis_exports/20260510_no_primateai_slim/remote_pull/oss-pvc/zhk_zip/biocc/Research2/results/ec_metrics/pfam_calibration_lysozyme_20260507.json
17799	/Data/lzp/BioInterpretebility-CC/analysis_exports/20260510_no_primateai_slim/local/Research2/results/ec_metrics/pfam_calibration_lysozyme_20260507.json
17111	/Data/lzp/BioInterpretebility-CC/analysis_exports/20260510_no_primateai_slim/remote_pull/oss-pvc/zhk_zip/biocc/Research2/results/ec_metrics/pfam_generated_lysozyme_20260504.json
17111	/Data/lzp/BioInterpretebility-CC/analysis_exports/20260510_no_primateai_slim/local/Research2/results/ec_metrics/pfam_generated_lysozyme_20260504.json
16304	/Data/lzp/BioInterpretebility-CC/analysis_exports/20260510_no_primateai_slim/local/Research2/results/steered_generation/zymctrl_v2_lysozyme_smoketest.json
15976	/Data/lzp/BioInterpretebility-CC/analysis_exports/20260510_no_primateai_slim/local/Research1/results/variant_effect/available_baseline_summary_20260507.json
15848	/Data/lzp/BioInterpretebility-CC/analysis_exports/20260510_no_primateai_slim/remote_pull/oss-pvc/zhk_zip/biocc/Research1/results/variant_effect/available_baseline_summary_20260507.json
14452	/Data/lzp/BioInterpretebility-CC/analysis_exports/20260510_no_primateai_slim/remote_pull/oss-pvc/zhk_zip/biocc/Research2/results/circuit_analysis/zymctrl/architecture_reconciliation.json
14452	/Data/lzp/BioInterpretebility-CC/analysis_exports/20260510_no_primateai_slim/local/Research2/results/circuit_analysis/zymctrl/architecture_reconciliation.json
12963	/Data/lzp/BioInterpretebility-CC/analysis_exports/20260510_no_primateai_slim/remote_pull/oss-pvc/zhk_zip/biocc/Research1/results/annotation_alignment/cross_layer_summary.json
12963	/Data/lzp/BioInterpretebility-CC/analysis_exports/20260510_no_primateai_slim/local/Research1/results/annotation_alignment/cross_layer_summary.json
12730	/Data/lzp/BioInterpretebility-CC/analysis_exports/20260510_no_primateai_slim/remote_pull/oss-pvc/zhk_zip/biocc/Research2/results/checkpoint_evaluation/layer_quality_map.json
12730	/Data/lzp/BioInterpretebility-CC/analysis_exports/20260510_no_primateai_slim/local/Research2/results/checkpoint_evaluation/layer_quality_map.json
12422	/Data/lzp/BioInterpretebility-CC/analysis_exports/20260510_no_primateai_slim/remote_pull/oss-pvc/zhk_zip/biocc/Research2/results/circuit_analysis/zymctrl/layer_ec_specificity.json
12422	/Data/lzp/BioInterpretebility-CC/analysis_exports/20260510_no_primateai_slim/local/Research2/results/circuit_analysis/zymctrl/layer_ec_specificity.json
12303	/Data/lzp/BioInterpretebility-CC/analysis_exports/20260510_no_primateai_slim/local/Research2/results/steering_benchmark/zymctrl_v2_purity_sweep_20260429_lipase_kinase_ca_m5_n64.json
12243	/Data/lzp/BioInterpretebility-CC/analysis_exports/20260510_no_primateai_slim/remote_pull/oss-pvc/zhk_zip/biocc/Research1/results/variant_effect/mechanism_classifier_results_t0_protein_holdout_20260429.json
12243	/Data/lzp/BioInterpretebility-CC/analysis_exports/20260510_no_primateai_slim/remote_pull/oss-pvc/zhk_zip/biocc/Research1/results/variant_effect/mechanism_classifier_results.json
12243	/Data/lzp/BioInterpretebility-CC/analysis_exports/20260510_no_primateai_slim/local/Research1/results/variant_effect/mechanism_classifier_results_t0_protein_holdout_20260429.json
12243	/Data/lzp/BioInterpretebility-CC/analysis_exports/20260510_no_primateai_slim/local/Research1/results/variant_effect/mechanism_classifier_results.json
12172	/Data/lzp/BioInterpretebility-CC/analysis_exports/20260510_no_primateai_slim/remote_pull/oss-pvc/zhk_zip/biocc/Research2/results/ec_metrics/foldseek_generated_lysozyme_smoke.json
11908	/Data/lzp/BioInterpretebility-CC/analysis_exports/20260510_no_primateai_slim/remote_pull/oss-pvc/zhk_zip/biocc/Research2/results/checkpoint_evaluation/rerun_evaluation.json
11908	/Data/lzp/BioInterpretebility-CC/analysis_exports/20260510_no_primateai_slim/local/Research2/results/checkpoint_evaluation/rerun_evaluation.json
11069	/Data/lzp/BioInterpretebility-CC/analysis_exports/20260510_no_primateai_slim/local/Research1/data/channelopathy/curation_work/scn5a_worker.tsv
10732	/Data/lzp/BioInterpretebility-CC/analysis_exports/20260510_no_primateai_slim/remote_pull/oss-pvc/zhk_zip/biocc/Research1/results/variant_effect/channelopathy_concordance_20260507.predictions.tsv
10732	/Data/lzp/BioInterpretebility-CC/analysis_exports/20260510_no_primateai_slim/local/Research1/results/variant_effect/channelopathy_concordance_20260507.predictions.tsv
10659	/Data/lzp/BioInterpretebility-CC/analysis_exports/20260510_no_primateai_slim/local/Research1/data/channelopathy/curation_work/kcnq1_lqts_worker.tsv
9833	/Data/lzp/BioInterpretebility-CC/analysis_exports/20260510_no_primateai_slim/local/PROJECT_STATUS.md
9571	/Data/lzp/BioInterpretebility-CC/analysis_exports/20260510_no_primateai_slim/remote_pull/oss-pvc/zhk_zip/biocc/PROJECT_STATUS.md
8942	/Data/lzp/BioInterpretebility-CC/analysis_exports/20260510_no_primateai_slim/local/Research2/results/h200_results_20260404/logs/r2_clt_progen2_medium_full_20260402_logs_launcher.log
8942	/Data/lzp/BioInterpretebility-CC/analysis_exports/20260510_no_primateai_slim/local/Research2/logs/r2_clt_progen2_medium_full_20260402__launcher.log
8661	/Data/lzp/BioInterpretebility-CC/analysis_exports/20260510_no_primateai_slim/remote_pull/oss-pvc/zhk_zip/biocc/Research2/results/drug_design/smoke/ec_lysozyme_smoke.json
8452	/Data/lzp/BioInterpretebility-CC/analysis_exports/20260510_no_primateai_slim/local/Research2/results/circuit_analysis/cross_model_conservation_v2_20260429_corrfix.json
8106	/Data/lzp/BioInterpretebility-CC/analysis_exports/20260510_no_primateai_slim/local/Research1/results/variant_effect/case_studies.json
7898	/Data/lzp/BioInterpretebility-CC/analysis_exports/20260510_no_primateai_slim/local/Research2/results/drug_design/ec_lysozyme_unsteered_esmfold_metrics_v2_20260425_r2_v2_1gpu.json
7892	/Data/lzp/BioInterpretebility-CC/analysis_exports/20260510_no_primateai_slim/local/Research1/results/variant_effect/mechanism_classifier_results_variantcv_legacy_20260429.json
7130	/Data/lzp/BioInterpretebility-CC/analysis_exports/20260510_no_primateai_slim/local/Research1/logs/r1d_proteingym_llr_20260420.log
7052	/Data/lzp/BioInterpretebility-CC/analysis_exports/20260510_no_primateai_slim/remote_pull/oss-pvc/zhk_zip/biocc/Research2/results/ec_metrics/clean_generated_lysozyme_20260507.json
7052	/Data/lzp/BioInterpretebility-CC/analysis_exports/20260510_no_primateai_slim/local/Research2/results/ec_metrics/clean_generated_lysozyme_20260507.json
6873	/Data/lzp/BioInterpretebility-CC/analysis_exports/20260510_no_primateai_slim/local/Research1/data/channelopathy/curation_work/kcnh2_cacna1c_worker.tsv
6845	/Data/lzp/BioInterpretebility-CC/analysis_exports/20260510_no_primateai_slim/remote_pull/oss-pvc/zhk_zip/biocc/Research1/results/variant_effect/available_baseline_sae_residual_cases_20260507.tsv
6845	/Data/lzp/BioInterpretebility-CC/analysis_exports/20260510_no_primateai_slim/local/Research1/results/variant_effect/available_baseline_sae_residual_cases_20260507.tsv
6634	/Data/lzp/BioInterpretebility-CC/analysis_exports/20260510_no_primateai_slim/remote_pull/oss-pvc/zhk_zip/biocc/Research2/results/ec_metrics/clean_calibration_lysozyme_20260507.json
6634	/Data/lzp/BioInterpretebility-CC/analysis_exports/20260510_no_primateai_slim/local/Research2/results/ec_metrics/clean_calibration_lysozyme_20260507.json
6467	/Data/lzp/BioInterpretebility-CC/analysis_exports/20260510_no_primateai_slim/remote_pull/gpfs/jiaotongdamoxing/zhk_zip/biocc/Research2/logs/runtime/resource_ready_todos_20260507.log
6031	/Data/lzp/BioInterpretebility-CC/analysis_exports/20260510_no_primateai_slim/remote_pull/oss-pvc/zhk_zip/biocc/Research2/logs/runtime/t2b_onmanifold_direct_steering_20260503.log
6031	/Data/lzp/BioInterpretebility-CC/analysis_exports/20260510_no_primateai_slim/local/Research2/logs/runtime/t2b_onmanifold_direct_steering_20260503.log
5835	/Data/lzp/BioInterpretebility-CC/analysis_exports/20260510_no_primateai_slim/remote_pull/oss-pvc/zhk_zip/biocc/Research1/results/variant_effect/channelopathy_readiness_20260507.json
5835	/Data/lzp/BioInterpretebility-CC/analysis_exports/20260510_no_primateai_slim/local/Research1/results/variant_effect/channelopathy_readiness_20260507.json
5678	/Data/lzp/BioInterpretebility-CC/analysis_exports/20260510_no_primateai_slim/remote_pull/gpfs/jiaotongdamoxing/zhk_zip/biocc/Research2/logs/runtime/r2d_steering_benchmark_v2_20260424_r2_v2_remaining.log
5673	/Data/lzp/BioInterpretebility-CC/analysis_exports/20260510_no_primateai_slim/remote_pull/gpfs/jiaotongdamoxing/zhk_zip/biocc/Research2/logs/runtime/r2d_steering_benchmark_v2_20260425_r2_v2_1gpu.log
5622	/Data/lzp/BioInterpretebility-CC/analysis_exports/20260510_no_primateai_slim/remote_pull/oss-pvc/zhk_zip/biocc/Research2/logs/runtime/r2d_steering_benchmark.log
5393	/Data/lzp/BioInterpretebility-CC/analysis_exports/20260510_no_primateai_slim/local/Research1/data/channelopathy/curation_work/scn5a_worker_sources.md
5304	/Data/lzp/BioInterpretebility-CC/analysis_exports/20260510_no_primateai_slim/local/Research1/data/channelopathy/curation_work/kcnq1_lqts_worker_sources.md
4686	/Data/lzp/BioInterpretebility-CC/analysis_exports/20260510_no_primateai_slim/local/Research1/results/variant_effect/channelopathy_readiness_20260504.json
4478	/Data/lzp/BioInterpretebility-CC/analysis_exports/20260510_no_primateai_slim/remote_pull/oss-pvc/zhk_zip/biocc/Research2/results/drug_design/smoke/ec_lysozyme_smoke_v2.json
4392	/Data/lzp/BioInterpretebility-CC/analysis_exports/20260510_no_primateai_slim/remote_pull/gpfs/jiaotongdamoxing/zhk_zip/biocc/Research2/logs/runtime/t2c_calibration_structure_resume_20260507.log
4384	/Data/lzp/BioInterpretebility-CC/analysis_exports/20260510_no_primateai_slim/local/Research2/results/checkpoint_evaluation/protgpt2_v2_quick_eval_20260420.json
4372	/Data/lzp/BioInterpretebility-CC/analysis_exports/20260510_no_primateai_slim/local/Research2/results/checkpoint_evaluation/zymctrl_v2_quick_eval_20260420.json
4336	/Data/lzp/BioInterpretebility-CC/analysis_exports/20260510_no_primateai_slim/local/Research1/data/channelopathy/curation_work/kcnh2_cacna1c_worker_sources.md
4253	/Data/lzp/BioInterpretebility-CC/analysis_exports/20260510_no_primateai_slim/local/Research2/results/drug_design/ec_lysozyme_esmfold_metrics_v2_20260425_r2_v2_1gpu.json
4043	/Data/lzp/BioInterpretebility-CC/analysis_exports/20260510_no_primateai_slim/local/Research1/data/channelopathy/curation_work/clinvar_clingen_worker_sources.md
4005	/Data/lzp/BioInterpretebility-CC/analysis_exports/20260510_no_primateai_slim/local/Research1/results/variant_effect/t1a_final_available_baselines_no_primateai_20260510.md
3972	/Data/lzp/BioInterpretebility-CC/analysis_exports/20260510_no_primateai_slim/local/Research1/logs/analyze_3B_l3.log
3841	/Data/lzp/BioInterpretebility-CC/analysis_exports/20260510_no_primateai_slim/local/Research2/results/drug_design/ec_lysozyme_esmfold_metrics.json
3710	/Data/lzp/BioInterpretebility-CC/analysis_exports/20260510_no_primateai_slim/local/Research1/logs/annotation_pipeline_test_1k.log
3654	/Data/lzp/BioInterpretebility-CC/analysis_exports/20260510_no_primateai_slim/remote_pull/gpfs/jiaotongdamoxing/zhk_zip/biocc/Research1/logs/runtime/t1e_channelopathy_20260507.log
3638	/Data/lzp/BioInterpretebility-CC/analysis_exports/20260510_no_primateai_slim/remote_pull/oss-pvc/zhk_zip/biocc/Research1/results/variant_effect/baseline_headtohead_readiness_20260504.json
3638	/Data/lzp/BioInterpretebility-CC/analysis_exports/20260510_no_primateai_slim/local/Research1/results/variant_effect/baseline_headtohead_readiness_20260504.json
3512	/Data/lzp/BioInterpretebility-CC/analysis_exports/20260510_no_primateai_slim/local/Research1/results/variant_effect/available_baseline_summary_20260507.md
3427	/Data/lzp/BioInterpretebility-CC/analysis_exports/20260510_no_primateai_slim/remote_pull/oss-pvc/zhk_zip/biocc/Research1/results/variant_effect/available_baseline_summary_20260507.md
3285	/Data/lzp/BioInterpretebility-CC/analysis_exports/20260510_no_primateai_slim/remote_pull/oss-pvc/zhk_zip/biocc/Research2/results/ec_metrics/ec_metric_calibration_summary_20260507.json
3285	/Data/lzp/BioInterpretebility-CC/analysis_exports/20260510_no_primateai_slim/local/Research2/results/ec_metrics/ec_metric_calibration_summary_20260507.json
3013	/Data/lzp/BioInterpretebility-CC/analysis_exports/20260510_no_primateai_slim/remote_pull/oss-pvc/zhk_zip/biocc/Research2/logs/runtime/t2a_direct_effect_features_20260503.log
2865	/Data/lzp/BioInterpretebility-CC/analysis_exports/20260510_no_primateai_slim/local/Research2/results/diagnostics/hook_sanity_20260429.json
2835	/Data/lzp/BioInterpretebility-CC/analysis_exports/20260510_no_primateai_slim/local/Research2/results/ec_metrics/generated_metric_triad_summary_20260507.json
2823	/Data/lzp/BioInterpretebility-CC/analysis_exports/20260510_no_primateai_slim/local/Research2/results/diagnostics/ec_features_provenance_20260429.json
2805	/Data/lzp/BioInterpretebility-CC/analysis_exports/20260510_no_primateai_slim/remote_pull/oss-pvc/zhk_zip/biocc/Research2/results/ec_metrics/generated_metric_triad_summary_20260507.json
2791	/Data/lzp/BioInterpretebility-CC/analysis_exports/20260510_no_primateai_slim/local/Research2/logs/LOG_README.md
2660	/Data/lzp/BioInterpretebility-CC/analysis_exports/20260510_no_primateai_slim/remote_pull/gpfs/jiaotongdamoxing/zhk_zip/biocc/Research2/logs/runtime/r2d_steering_sweep_20260429_lipase_kinase_ca_m5_n64.log
2483	/Data/lzp/BioInterpretebility-CC/analysis_exports/20260510_no_primateai_slim/remote_pull/oss-pvc/zhk_zip/biocc/Research1/results/annotation_alignment/ours_3B_l27_step500000_summary.json
2443	/Data/lzp/BioInterpretebility-CC/analysis_exports/20260510_no_primateai_slim/remote_pull/oss-pvc/zhk_zip/biocc/Research1/results/annotation_alignment/ours_3B_l31_step500000_summary.json
2413	/Data/lzp/BioInterpretebility-CC/analysis_exports/20260510_no_primateai_slim/remote_pull/oss-pvc/zhk_zip/biocc/Research1/results/annotation_alignment/ours_3B_l19_step500000_summary.json
2410	/Data/lzp/BioInterpretebility-CC/analysis_exports/20260510_no_primateai_slim/remote_pull/oss-pvc/zhk_zip/biocc/Research1/results/annotation_alignment/ours_3B_l35_step500000_summary.json
2398	/Data/lzp/BioInterpretebility-CC/analysis_exports/20260510_no_primateai_slim/remote_pull/oss-pvc/zhk_zip/biocc/Research1/results/annotation_alignment/ours_3B_l23_step500000_summary.json
2386	/Data/lzp/BioInterpretebility-CC/analysis_exports/20260510_no_primateai_slim/remote_pull/oss-pvc/zhk_zip/biocc/Research1/results/annotation_alignment/ours_3B_l27_step500000_summary_nofiring_backup_20260503.json
2386	/Data/lzp/BioInterpretebility-CC/analysis_exports/20260510_no_primateai_slim/local/Research1/results/annotation_alignment/ours_3B_l27_step500000_summary.json
2372	/Data/lzp/BioInterpretebility-CC/analysis_exports/20260510_no_primateai_slim/remote_pull/oss-pvc/zhk_zip/biocc/Research1/results/variant_effect/external_baselines_available_20260507.json
2372	/Data/lzp/BioInterpretebility-CC/analysis_exports/20260510_no_primateai_slim/local/Research1/results/variant_effect/external_baselines_available_20260507.json
2346	/Data/lzp/BioInterpretebility-CC/analysis_exports/20260510_no_primateai_slim/remote_pull/oss-pvc/zhk_zip/biocc/Research1/results/annotation_alignment/ours_3B_l31_step500000_summary_nofiring_backup_20260503.json
2346	/Data/lzp/BioInterpretebility-CC/analysis_exports/20260510_no_primateai_slim/local/Research1/results/annotation_alignment/ours_3B_l31_step500000_summary.json
2319	/Data/lzp/BioInterpretebility-CC/analysis_exports/20260510_no_primateai_slim/remote_pull/oss-pvc/zhk_zip/biocc/Research2/results/circuit_analysis/zymctrl/direct_effect_features_v2_smoke_summary.json
2316	/Data/lzp/BioInterpretebility-CC/analysis_exports/20260510_no_primateai_slim/remote_pull/oss-pvc/zhk_zip/biocc/Research1/results/annotation_alignment/ours_3B_l19_step500000_summary_nofiring_backup_20260503.json
2316	/Data/lzp/BioInterpretebility-CC/analysis_exports/20260510_no_primateai_slim/local/Research1/results/annotation_alignment/ours_3B_l19_step500000_summary.json
2313	/Data/lzp/BioInterpretebility-CC/analysis_exports/20260510_no_primateai_slim/remote_pull/oss-pvc/zhk_zip/biocc/Research1/results/annotation_alignment/ours_3B_l35_step500000_summary_nofiring_backup_20260503.json
2313	/Data/lzp/BioInterpretebility-CC/analysis_exports/20260510_no_primateai_slim/local/Research1/results/annotation_alignment/ours_3B_l35_step500000_summary.json
2300	/Data/lzp/BioInterpretebility-CC/analysis_exports/20260510_no_primateai_slim/remote_pull/oss-pvc/zhk_zip/biocc/Research1/results/annotation_alignment/ours_3B_l23_step500000_summary_nofiring_backup_20260503.json
2300	/Data/lzp/BioInterpretebility-CC/analysis_exports/20260510_no_primateai_slim/local/Research1/results/annotation_alignment/ours_3B_l23_step500000_summary.json
2229	/Data/lzp/BioInterpretebility-CC/analysis_exports/20260510_no_primateai_slim/remote_pull/oss-pvc/zhk_zip/biocc/Research1/results/variant_effect/alphamissense_baseline_20260504.json
2229	/Data/lzp/BioInterpretebility-CC/analysis_exports/20260510_no_primateai_slim/local/Research1/results/variant_effect/alphamissense_baseline_20260504.json
2149	/Data/lzp/BioInterpretebility-CC/analysis_exports/20260510_no_primateai_slim/remote_pull/oss-pvc/zhk_zip/biocc/Research1/results/variant_effect/channelopathy_concordance_20260507.json
2149	/Data/lzp/BioInterpretebility-CC/analysis_exports/20260510_no_primateai_slim/local/Research1/results/variant_effect/channelopathy_concordance_20260507.json
2005	/Data/lzp/BioInterpretebility-CC/analysis_exports/20260510_no_primateai_slim/remote_pull/oss-pvc/zhk_zip/biocc/Research2/logs/runtime/r2e_ec_lysozyme.log
1845	/Data/lzp/BioInterpretebility-CC/analysis_exports/20260510_no_primateai_slim/local/Research1/data/channelopathy/channelopathy_label_summary.json
1781	/Data/lzp/BioInterpretebility-CC/analysis_exports/20260510_no_primateai_slim/remote_pull/oss-pvc/zhk_zip/biocc/Research2/results/steering_benchmark/zymctrl_v2_onmanifold_direct_smoke_20260503.json
1775	/Data/lzp/BioInterpretebility-CC/analysis_exports/20260510_no_primateai_slim/remote_pull/oss-pvc/zhk_zip/biocc/Research1/results/variant_effect/channelopathy_readiness_20260507.md
1775	/Data/lzp/BioInterpretebility-CC/analysis_exports/20260510_no_primateai_slim/local/Research1/results/variant_effect/channelopathy_readiness_20260507.md
1739	/Data/lzp/BioInterpretebility-CC/analysis_exports/20260510_no_primateai_slim/remote_pull/gpfs/jiaotongdamoxing/zhk_zip/biocc/Research2/logs/runtime/r2f_structural_qc_unsteered_v2_20260425_r2_v2_1gpu.log
1691	/Data/lzp/BioInterpretebility-CC/analysis_exports/20260510_no_primateai_slim/remote_pull/gpfs/jiaotongdamoxing/zhk_zip/biocc/Research2/logs/runtime/r2f_structural_qc_steered_v2_20260425_r2_v2_1gpu.log
1637	/Data/lzp/BioInterpretebility-CC/analysis_exports/20260510_no_primateai_slim/ANALYSIS_INDEX_20260510.md
1606	/Data/lzp/BioInterpretebility-CC/analysis_exports/20260510_no_primateai_slim/local/Research1/results/variant_effect/annotation_weighted_results.json
1536	/Data/lzp/BioInterpretebility-CC/analysis_exports/20260510_no_primateai_slim/remote_pull/oss-pvc/zhk_zip/biocc/Research2/results/ec_metrics/clean_generated_lysozyme_smoke.json
1522	/Data/lzp/BioInterpretebility-CC/analysis_exports/20260510_no_primateai_slim/remote_pull/oss-pvc/zhk_zip/biocc/Research1/results/variant_effect/indel_mechanism_predictions_smoke_20260504.jsonl
1519	/Data/lzp/BioInterpretebility-CC/analysis_exports/20260510_no_primateai_slim/remote_pull/oss-pvc/zhk_zip/biocc/Research1/results/variant_effect/baseline_headtohead_readiness_20260504.md
1519	/Data/lzp/BioInterpretebility-CC/analysis_exports/20260510_no_primateai_slim/local/Research1/results/variant_effect/baseline_headtohead_readiness_20260504.md
1510	/Data/lzp/BioInterpretebility-CC/analysis_exports/20260510_no_primateai_slim/remote_pull/oss-pvc/zhk_zip/biocc/Research1/results/annotation_alignment/ours_3B_l3_step500000_summary.json
1510	/Data/lzp/BioInterpretebility-CC/analysis_exports/20260510_no_primateai_slim/local/Research1/results/annotation_alignment/ours_3B_l3_step500000_summary.json
1480	/Data/lzp/BioInterpretebility-CC/analysis_exports/20260510_no_primateai_slim/local/Research2/results/h200_results_20260404/logs/r2_clt_protgpt2_test_20260402_logs_launcher.log
1480	/Data/lzp/BioInterpretebility-CC/analysis_exports/20260510_no_primateai_slim/local/Research2/logs/r2_clt_protgpt2_test_20260402__launcher.log
1386	/Data/lzp/BioInterpretebility-CC/analysis_exports/20260510_no_primateai_slim/remote_pull/oss-pvc/zhk_zip/biocc/Research1/results/annotation_alignment/expanded_summary_firing_20260503.json
1386	/Data/lzp/BioInterpretebility-CC/analysis_exports/20260510_no_primateai_slim/local/Research1/results/annotation_alignment/expanded_summary_firing_20260503.json
1375	/Data/lzp/BioInterpretebility-CC/analysis_exports/20260510_no_primateai_slim/remote_pull/oss-pvc/zhk_zip/biocc/Research1/results/annotation_alignment/expanded_summary.json
1375	/Data/lzp/BioInterpretebility-CC/analysis_exports/20260510_no_primateai_slim/local/Research1/results/annotation_alignment/expanded_summary.json
1291	/Data/lzp/BioInterpretebility-CC/analysis_exports/20260510_no_primateai_slim/local/Research2/results/r2_v2_remaining_summary_20260425_r2_v2_1gpu.json
1233	/Data/lzp/BioInterpretebility-CC/analysis_exports/20260510_no_primateai_slim/remote_pull/oss-pvc/zhk_zip/biocc/Research1/results/variant_effect/indel_mechanism_predictions_20260504_summary.json
1233	/Data/lzp/BioInterpretebility-CC/analysis_exports/20260510_no_primateai_slim/local/Research1/results/variant_effect/indel_mechanism_predictions_20260504_summary.json
1212	/Data/lzp/BioInterpretebility-CC/analysis_exports/20260510_no_primateai_slim/local/Research1/data/channelopathy/channelopathy_label_sources.md
1157	/Data/lzp/BioInterpretebility-CC/analysis_exports/20260510_no_primateai_slim/remote_pull/gpfs/jiaotongdamoxing/zhk_zip/biocc/Research2/logs/runtime/t0a_hook_sanity_20260429.log
1144	/Data/lzp/BioInterpretebility-CC/analysis_exports/20260510_no_primateai_slim/remote_pull/oss-pvc/zhk_zip/biocc/Research1/results/variant_effect/channelopathy_concordance_20260507.md
1144	/Data/lzp/BioInterpretebility-CC/analysis_exports/20260510_no_primateai_slim/local/Research1/results/variant_effect/channelopathy_concordance_20260507.md
1115	/Data/lzp/BioInterpretebility-CC/analysis_exports/20260510_no_primateai_slim/remote_pull/oss-pvc/zhk_zip/biocc/Research1/results/variant_effect/indel_mechanism_predictions_smoke_20260504_summary.json
1114	/Data/lzp/BioInterpretebility-CC/analysis_exports/20260510_no_primateai_slim/remote_pull/oss-pvc/zhk_zip/biocc/Research2/results/ec_metrics/generated_metric_triad_summary_20260507.md
1114	/Data/lzp/BioInterpretebility-CC/analysis_exports/20260510_no_primateai_slim/local/Research2/results/ec_metrics/generated_metric_triad_summary_20260507.md
1078	/Data/lzp/BioInterpretebility-CC/analysis_exports/20260510_no_primateai_slim/local/Research2/results/circuit_analysis/cross_model_conservation_dryrun.json
1065	/Data/lzp/BioInterpretebility-CC/analysis_exports/20260510_no_primateai_slim/local/Research1/results/variant_effect/scaled_prediction_results.json
1054	/Data/lzp/BioInterpretebility-CC/analysis_exports/20260510_no_primateai_slim/remote_pull/oss-pvc/zhk_zip/biocc/Research2/results/ec_metrics/calibration_lysozyme_20260507/calibration_manifest.json
1054	/Data/lzp/BioInterpretebility-CC/analysis_exports/20260510_no_primateai_slim/local/Research2/results/ec_metrics/calibration_lysozyme_20260507/calibration_manifest.json
1053	/Data/lzp/BioInterpretebility-CC/analysis_exports/20260510_no_primateai_slim/remote_pull/gpfs/jiaotongdamoxing/zhk_zip/biocc/Research2/logs/runtime/r2g_causal_ablation_v2_20260424_r2_v2_remaining.log
1048	/Data/lzp/BioInterpretebility-CC/analysis_exports/20260510_no_primateai_slim/remote_pull/gpfs/jiaotongdamoxing/zhk_zip/biocc/Research2/logs/runtime/r2g_causal_ablation_v2_20260425_r2_v2_1gpu.log
1013	/Data/lzp/BioInterpretebility-CC/analysis_exports/20260510_no_primateai_slim/remote_pull/oss-pvc/zhk_zip/biocc/Research1/results/variant_effect/alphamissense_baseline_20260504.md
1013	/Data/lzp/BioInterpretebility-CC/analysis_exports/20260510_no_primateai_slim/local/Research1/results/variant_effect/alphamissense_baseline_20260504.md
1005	/Data/lzp/BioInterpretebility-CC/analysis_exports/20260510_no_primateai_slim/local/Research1/results/variant_effect/indel_extension_summary.json
1002	/Data/lzp/BioInterpretebility-CC/analysis_exports/20260510_no_primateai_slim/remote_pull/oss-pvc/zhk_zip/biocc/Research2/logs/runtime/r2g_causal_ablation_lysozyme.log
985	/Data/lzp/BioInterpretebility-CC/analysis_exports/20260510_no_primateai_slim/remote_pull/oss-pvc/zhk_zip/biocc/Research1/results/variant_effect/external_baselines_available_esm1v_smoke.json
983	/Data/lzp/BioInterpretebility-CC/analysis_exports/20260510_no_primateai_slim/remote_pull/oss-pvc/zhk_zip/biocc/Research1/logs/runtime/t1d_expand_annotation_fixed_20260503.log
983	/Data/lzp/BioInterpretebility-CC/analysis_exports/20260510_no_primateai_slim/local/Research1/logs/runtime/t1d_expand_annotation_fixed_20260503.log
967	/Data/lzp/BioInterpretebility-CC/analysis_exports/20260510_no_primateai_slim/remote_pull/oss-pvc/zhk_zip/biocc/Research2/results/ec_metrics/pfam_generated_lysozyme_20260504.md
967	/Data/lzp/BioInterpretebility-CC/analysis_exports/20260510_no_primateai_slim/local/Research2/results/ec_metrics/pfam_generated_lysozyme_20260504.md
965	/Data/lzp/BioInterpretebility-CC/analysis_exports/20260510_no_primateai_slim/remote_pull/oss-pvc/zhk_zip/biocc/Research1/logs/runtime/t0d_mechanism_protein_holdout_20260429.log
945	/Data/lzp/BioInterpretebility-CC/analysis_exports/20260510_no_primateai_slim/remote_pull/oss-pvc/zhk_zip/biocc/Research1/results/annotation_alignment/ours_3B_l35_step500000_firing_smoke_20260503_summary.json
930	/Data/lzp/BioInterpretebility-CC/analysis_exports/20260510_no_primateai_slim/local/Research2/results/h200_results_20260404/logs/r2_clt_protgpt2_test_20260402_logs_clt_protgpt2.log
930	/Data/lzp/BioInterpretebility-CC/analysis_exports/20260510_no_primateai_slim/local/Research2/logs/r2_clt_protgpt2_test_20260402__clt_protgpt2.log
927	/Data/lzp/BioInterpretebility-CC/analysis_exports/20260510_no_primateai_slim/local/Research1/results/variant_effect/indel_extension_summary_sample.json
864	/Data/lzp/BioInterpretebility-CC/analysis_exports/20260510_no_primateai_slim/local/Research1/results/variant_effect/t1a_final_available_baselines_no_primateai_20260510.json
835	/Data/lzp/BioInterpretebility-CC/analysis_exports/20260510_no_primateai_slim/remote_pull/oss-pvc/zhk_zip/biocc/Research1/results/variant_effect/external_baselines_available_20260507.md
835	/Data/lzp/BioInterpretebility-CC/analysis_exports/20260510_no_primateai_slim/local/Research1/results/variant_effect/external_baselines_available_20260507.md
822	/Data/lzp/BioInterpretebility-CC/analysis_exports/20260510_no_primateai_slim/local/Research1/results/variant_effect/annotated_feature_results.json
809	/Data/lzp/BioInterpretebility-CC/analysis_exports/20260510_no_primateai_slim/local/Research1/results/variant_effect/channelopathy_readiness_20260504.md
797	/Data/lzp/BioInterpretebility-CC/analysis_exports/20260510_no_primateai_slim/remote_pull/gpfs/jiaotongdamoxing/zhk_zip/biocc/Research2/logs/runtime/r2h_cross_model_conservation_v2_20260426_todo_completion.log
789	/Data/lzp/BioInterpretebility-CC/analysis_exports/20260510_no_primateai_slim/remote_pull/gpfs/jiaotongdamoxing/zhk_zip/biocc/Research2/logs/runtime/r2h_cross_model_conservation_v2_20260429_corrfix.log
788	/Data/lzp/BioInterpretebility-CC/analysis_exports/20260510_no_primateai_slim/remote_pull/oss-pvc/zhk_zip/biocc/Research2/results/ec_metrics/ec_metric_calibration_summary_20260507.md
788	/Data/lzp/BioInterpretebility-CC/analysis_exports/20260510_no_primateai_slim/local/Research2/results/ec_metrics/ec_metric_calibration_summary_20260507.md
771	/Data/lzp/BioInterpretebility-CC/analysis_exports/20260510_no_primateai_slim/README.md
715	/Data/lzp/BioInterpretebility-CC/analysis_exports/20260510_no_primateai_slim/local/Research1/results/variant_effect/variant_mechanisms_summary.json
680	/Data/lzp/BioInterpretebility-CC/analysis_exports/20260510_no_primateai_slim/local/Research1/results/variant_effect/position_spread_results.json
615	/Data/lzp/BioInterpretebility-CC/analysis_exports/20260510_no_primateai_slim/remote_pull/oss-pvc/zhk_zip/biocc/Research1/results/variant_effect/proteingym_benchmark_sae_smoke.json
607	/Data/lzp/BioInterpretebility-CC/analysis_exports/20260510_no_primateai_slim/local/Research1/results/variant_effect/full_vector_results.json
537	/Data/lzp/BioInterpretebility-CC/analysis_exports/20260510_no_primateai_slim/remote_pull/oss-pvc/zhk_zip/biocc/Research1/results/variant_effect/channelopathy_concordance_20260507.prepare.json
537	/Data/lzp/BioInterpretebility-CC/analysis_exports/20260510_no_primateai_slim/local/Research1/results/variant_effect/channelopathy_concordance_20260507.prepare.json
497	/Data/lzp/BioInterpretebility-CC/analysis_exports/20260510_no_primateai_slim/remote_pull/oss-pvc/zhk_zip/biocc/Research1/results/variant_effect/channelopathy_concordance_20260507_remote_smoke.prepare.json
487	/Data/lzp/BioInterpretebility-CC/analysis_exports/20260510_no_primateai_slim/remote_pull/oss-pvc/zhk_zip/biocc/Research1/results/variant_effect/indel_records_supported_20260504_summary.json
487	/Data/lzp/BioInterpretebility-CC/analysis_exports/20260510_no_primateai_slim/local/Research1/results/variant_effect/indel_records_supported_20260504_summary.json
486	/Data/lzp/BioInterpretebility-CC/analysis_exports/20260510_no_primateai_slim/local/Research1/results/variant_effect/variant_summary.json
485	/Data/lzp/BioInterpretebility-CC/analysis_exports/20260510_no_primateai_slim/remote_pull/oss-pvc/zhk_zip/biocc/Research2/results/ec_metrics/pfam_calibration_lysozyme_20260507.md
485	/Data/lzp/BioInterpretebility-CC/analysis_exports/20260510_no_primateai_slim/local/Research2/results/ec_metrics/pfam_calibration_lysozyme_20260507.md
477	/Data/lzp/BioInterpretebility-CC/analysis_exports/20260510_no_primateai_slim/remote_pull/oss-pvc/zhk_zip/biocc/Research2/results/ec_metrics/clean_generated_lysozyme_20260507.md
477	/Data/lzp/BioInterpretebility-CC/analysis_exports/20260510_no_primateai_slim/local/Research2/results/ec_metrics/clean_generated_lysozyme_20260507.md
431	/Data/lzp/BioInterpretebility-CC/analysis_exports/20260510_no_primateai_slim/remote_pull/oss-pvc/zhk_zip/biocc/Research1/results/variant_effect/external_baselines_available_esm1v_smoke.md
423	/Data/lzp/BioInterpretebility-CC/analysis_exports/20260510_no_primateai_slim/local/Research1/results/variant_effect/ensemble_annotated_llr.json
396	/Data/lzp/BioInterpretebility-CC/analysis_exports/20260510_no_primateai_slim/remote_pull/oss-pvc/zhk_zip/biocc/Research2/results/ec_metrics/foldseek_generated_lysozyme_20260507.md
396	/Data/lzp/BioInterpretebility-CC/analysis_exports/20260510_no_primateai_slim/local/Research2/results/ec_metrics/foldseek_generated_lysozyme_20260507.md
392	/Data/lzp/BioInterpretebility-CC/analysis_exports/20260510_no_primateai_slim/remote_pull/oss-pvc/zhk_zip/biocc/Research2/results/ec_metrics/foldseek_generated_lysozyme_smoke.md
391	/Data/lzp/BioInterpretebility-CC/analysis_exports/20260510_no_primateai_slim/remote_pull/oss-pvc/zhk_zip/biocc/Research2/results/ec_metrics/clean_calibration_lysozyme_20260507.md
391	/Data/lzp/BioInterpretebility-CC/analysis_exports/20260510_no_primateai_slim/local/Research2/results/ec_metrics/clean_calibration_lysozyme_20260507.md
320	/Data/lzp/BioInterpretebility-CC/analysis_exports/20260510_no_primateai_slim/remote_pull/oss-pvc/zhk_zip/biocc/Research1/results/variant_effect/external_baselines_available_esm1v_smoke.tsv
319	/Data/lzp/BioInterpretebility-CC/analysis_exports/20260510_no_primateai_slim/remote_pull/gpfs/jiaotongdamoxing/zhk_zip/biocc/Research2/logs/runtime/r2f_structural_qc_unsteered_v2_20260424_r2_v2_remaining.log
319	/Data/lzp/BioInterpretebility-CC/analysis_exports/20260510_no_primateai_slim/remote_pull/gpfs/jiaotongdamoxing/zhk_zip/biocc/Research2/logs/runtime/r2f_structural_qc_steered_v2_20260424_r2_v2_remaining.log
316	/Data/lzp/BioInterpretebility-CC/analysis_exports/20260510_no_primateai_slim/remote_pull/oss-pvc/zhk_zip/biocc/Research2/logs/runtime/r2f_structural_qc_smoke.log
279	/Data/lzp/BioInterpretebility-CC/analysis_exports/20260510_no_primateai_slim/local/Research1/results/variant_effect/esm2_baseline_comparison.json
265	/Data/lzp/BioInterpretebility-CC/analysis_exports/20260510_no_primateai_slim/remote_pull/oss-pvc/zhk_zip/biocc/Research2/results/ec_metrics/foldseek_calibration_lysozyme_20260507.md
265	/Data/lzp/BioInterpretebility-CC/analysis_exports/20260510_no_primateai_slim/local/Research2/results/ec_metrics/foldseek_calibration_lysozyme_20260507.md
251	/Data/lzp/BioInterpretebility-CC/analysis_exports/20260510_no_primateai_slim/remote_pull/oss-pvc/zhk_zip/biocc/Research2/results/ec_metrics/calibration_lysozyme_20260507/calibration_manifest.md
251	/Data/lzp/BioInterpretebility-CC/analysis_exports/20260510_no_primateai_slim/local/Research2/results/ec_metrics/calibration_lysozyme_20260507/calibration_manifest.md
240	/Data/lzp/BioInterpretebility-CC/analysis_exports/20260510_no_primateai_slim/remote_pull/oss-pvc/zhk_zip/biocc/Research2/results/ec_metrics/clean_generated_lysozyme_smoke.md
226	/Data/lzp/BioInterpretebility-CC/analysis_exports/20260510_no_primateai_slim/ARCHIVE_SHA256SUMS.txt
27	/Data/lzp/BioInterpretebility-CC/analysis_exports/20260510_no_primateai_slim/remote_pull/oss-pvc/zhk_zip/biocc/Research1/results/variant_effect/plink_upload_test2.txt
24	/Data/lzp/BioInterpretebility-CC/analysis_exports/20260510_no_primateai_slim/remote_pull/oss-pvc/zhk_zip/biocc/Research1/results/variant_effect/upload_test2.txt.b64
17	/Data/lzp/BioInterpretebility-CC/analysis_exports/20260510_no_primateai_slim/remote_pull/oss-pvc/zhk_zip/biocc/Research1/results/variant_effect/upload_test2.txt
6	/Data/lzp/BioInterpretebility-CC/analysis_exports/20260510_no_primateai_slim/remote_pull/oss-pvc/zhk_zip/biocc/Research1/logs/runtime/t1c_indel_mechanism_20260504.pid
6	/Data/lzp/BioInterpretebility-CC/analysis_exports/20260510_no_primateai_slim/remote_pull/gpfs/jiaotongdamoxing/zhk_zip/biocc/Research2/logs/runtime/t2c_calibration_structure_resume_20260507.pid
6	/Data/lzp/BioInterpretebility-CC/analysis_exports/20260510_no_primateai_slim/remote_pull/gpfs/jiaotongdamoxing/zhk_zip/biocc/Research2/logs/runtime/t2c_calibration_20260507.pid
6	/Data/lzp/BioInterpretebility-CC/analysis_exports/20260510_no_primateai_slim/remote_pull/gpfs/jiaotongdamoxing/zhk_zip/biocc/Research2/logs/runtime/resource_ready_todos_20260507.pid
6	/Data/lzp/BioInterpretebility-CC/analysis_exports/20260510_no_primateai_slim/remote_pull/gpfs/jiaotongdamoxing/zhk_zip/biocc/Research1/logs/runtime/t1e_channelopathy_20260507.pid
5	/Data/lzp/BioInterpretebility-CC/analysis_exports/20260510_no_primateai_slim/remote_pull/oss-pvc/zhk_zip/biocc/Research1/logs/runtime/r1d_proteingym_sae_followup_20260426.pid
2	/Data/lzp/BioInterpretebility-CC/analysis_exports/20260510_no_primateai_slim/remote_pull/gpfs/jiaotongdamoxing/zhk_zip/biocc/Research2/logs/runtime/r2_v2_remaining_then_hold_exit_status_20260425_r2_v2_1gpu.txt
2	/Data/lzp/BioInterpretebility-CC/analysis_exports/20260510_no_primateai_slim/remote_pull/gpfs/jiaotongdamoxing/zhk_zip/biocc/Research2/logs/runtime/r2_v2_remaining_then_hold_exit_status_20260424_r2_v2_remaining.txt
0	/Data/lzp/BioInterpretebility-CC/analysis_exports/20260510_no_primateai_slim/remote_pull/oss-pvc/zhk_zip/biocc/Research1/results/variant_effect/upload_test.txt
0	/Data/lzp/BioInterpretebility-CC/analysis_exports/20260510_no_primateai_slim/remote_pull/oss-pvc/zhk_zip/biocc/Research1/results/variant_effect/indel_records_supported_20260504.jsonl.b64upload
0	/Data/lzp/BioInterpretebility-CC/analysis_exports/20260510_no_primateai_slim/remote_pull/oss-pvc/zhk_zip/biocc/Research1/results/annotation_alignment/.sync_complete
0	/Data/lzp/BioInterpretebility-CC/analysis_exports/20260510_no_primateai_slim/remote_pull/gpfs/jiaotongdamoxing/zhk_zip/biocc/Research2/logs/runtime/r2h_cross_model_conservation_v2_20260425_r2_v2_1gpu.log
0	/Data/lzp/BioInterpretebility-CC/analysis_exports/20260510_no_primateai_slim/remote_pull/gpfs/jiaotongdamoxing/zhk_zip/biocc/Research2/logs/runtime/r2h_cross_model_conservation_v2_20260424_r2_v2_remaining.log
0	/Data/lzp/BioInterpretebility-CC/analysis_exports/20260510_no_primateai_slim/local/Research2/results/h200_results_20260404/logs/r2_clt_progen2_medium_full_20260402_logs_clt_progen2-medium.log
0	/Data/lzp/BioInterpretebility-CC/analysis_exports/20260510_no_primateai_slim/local/Research2/logs/r2_clt_progen2_medium_full_20260402__clt_progen2-medium.log
0	/Data/lzp/BioInterpretebility-CC/analysis_exports/20260510_no_primateai_slim/MANIFEST.sizes.tsv
