triplet_id	rank	label	mi_nats	ci95_low	ci95_high	ci99_low	ci99_high	n_positions	n_top	top_label_counts
T001	1	pfam_family	0.00292917	0.00207558	0.00490996	0.00206026	0.00499538	122671	100	"[[""PF00574"", 15], [""PF00124"", 15], [""none"", 13], [""PF01702"", 13], [""PF00420"", 9], [""PF00923"", 8], [""PF00763"", 8], [""PF00252"", 8], [""PF00885"", 7], [""PF01015"", 4]]"
T001	1	swiss_category	0.000281145	0.000173425	0.000636298	0.000173168	0.000672268	122671	100	"[[""chain"", 67], [""chain+topology"", 23], [""chain+functional"", 6], [""chain+region"", 4]]"
T001	1	swiss_feature_type	0.000379616	0.00029702	0.000851373	0.000290323	0.000981317	122671	100	"[[""chain"", 67], [""chain+transmembrane region"", 23], [""binding site+chain"", 4], [""chain+region of interest"", 2], [""chain+compositionally biased region+region of interest"", 2], [""active site+binding site+chain"", 1], [""active site+chain"", 1]]"
T001	1	secondary_structure	2.44831e-05	1.39732e-05	3.17041e-05	1.38924e-05	3.46169e-05	122671	100	"[[""none"", 100]]"
T001	1	functional_label	6.46129e-05	1.21336e-05	0.00034064	1.06942e-05	0.000398305	122671	100	"[[""none"", 94], [""binding site"", 4], [""active site:Proton acceptor+binding site"", 1], [""active site"", 1]]"
T001	1	domain_label	0.000109624	6.02907e-05	0.000160024	3.95812e-05	0.000169013	122671	100	"[[""none"", 100]]"
T001	1	ptm_label	1.53138e-05	8.97669e-06	2.33418e-05	7.01051e-06	2.49043e-05	122671	100	"[[""none"", 100]]"
T001	1	topology_label	0.000185284	3.03621e-05	0.000504773	2.56366e-05	0.000549819	122671	100	"[[""none"", 77], [""transmembrane region"", 23]]"
T001	1	region_label	6.34853e-05	1.7262e-05	0.000346113	1.13784e-05	0.000507417	122671	100	"[[""none"", 96], [""region of interest:Disordered"", 2], [""compositionally biased region:Basic residues+region of interest:Disordered"", 2]]"
T001	1	dominant_pfam	0.00318807	0.00209041	0.00516424	0.00208836	0.0052832	122671	100	"[[""PF00124"", 19], [""PF00574"", 15], [""PF01702"", 13], [""PF00420"", 9], [""PF00923"", 8], [""PF02882"", 8], [""PF00252"", 8], [""PF00885"", 7], [""PF00249"", 5], [""PF01015"", 4]]"
T001	1	aa	7.34142e-05	0.000362054	0.000886056	0.000324773	0.000955786	122671	100	"[[""G"", 12], [""L"", 11], [""I"", 9], [""P"", 8], [""N"", 7], [""K"", 7], [""A"", 7], [""S"", 6], [""T"", 5], [""D"", 4]]"
T002	2	pfam_family	0.00344693	0.00229976	0.00544201	0.00226488	0.00573355	122671	100	"[[""PF00005"", 43], [""PF02685"", 33], [""none"", 24]]"
T002	2	swiss_category	0.000639432	0.000294482	0.00114414	0.000286615	0.00114585	122671	100	"[[""chain+domain"", 58], [""chain"", 42]]"
T002	2	swiss_feature_type	0.000669541	0.000246475	0.00112971	0.000220587	0.0011479	122671	100	"[[""chain+domain"", 58], [""chain"", 42]]"
T002	2	secondary_structure	2.44831e-05	1.55655e-05	3.40853e-05	1.53824e-05	3.5389e-05	122671	100	"[[""none"", 100]]"
T002	2	functional_label	2.17815e-05	1.12622e-05	2.85418e-05	1.10294e-05	3.17539e-05	122671	100	"[[""none"", 100]]"
T002	2	domain_label	0.00249782	0.00115533	0.00355409	0.000981004	0.00396865	122671	100	"[[""domain:ABC transporter"", 58], [""none"", 42]]"
T002	2	ptm_label	1.53138e-05	9.66715e-06	2.24462e-05	9.44539e-06	2.39752e-05	122671	100	"[[""none"", 100]]"
T002	2	topology_label	6.61551e-05	4.20482e-05	0.000100348	4.0772e-05	0.000100899	122671	100	"[[""none"", 100]]"
T002	2	region_label	3.25035e-05	1.61709e-05	4.45353e-05	1.55672e-05	4.98594e-05	122671	100	"[[""none"", 100]]"
T002	2	dominant_pfam	0.00454378	0.00218645	0.00685657	0.00200365	0.00693898	122671	100	"[[""PF00005"", 67], [""PF02685"", 33]]"
T002	2	aa	5.17735e-05	0.000320586	0.000748665	0.000286719	0.000755558	122671	100	"[[""L"", 12], [""A"", 8], [""I"", 7], [""V"", 7], [""D"", 7], [""N"", 7], [""G"", 7], [""K"", 6], [""R"", 6], [""E"", 6]]"
T003	3	pfam_family	0.00314752	0.00212713	0.00536177	0.00210998	0.0056433	122671	100	"[[""PF02649"", 25], [""PF01967"", 17], [""PF00293"", 9], [""PF01888"", 9], [""PF03548"", 5], [""PF08246"", 4], [""none"", 4], [""PF00126"", 3], [""PF02146"", 3], [""PF02675"", 3]]"
T003	3	swiss_category	0.0001313	0.000109234	0.000370772	9.1932e-05	0.000476626	122671	100	"[[""chain"", 82], [""chain+domain"", 15], [""chain+topology"", 2], [""chain+domain+region"", 1]]"
T003	3	swiss_feature_type	0.000224834	0.000124115	0.000612189	0.000122248	0.00068622	122671	100	"[[""chain"", 78], [""chain+domain"", 15], [""propeptide"", 4], [""chain+transmembrane region"", 2], [""chain+domain+region of interest"", 1]]"
T003	3	secondary_structure	2.44831e-05	1.30438e-05	3.26449e-05	1.22752e-05	3.4378e-05	122671	100	"[[""none"", 100]]"
T003	3	functional_label	2.17815e-05	1.26645e-05	3.16034e-05	1.20744e-05	3.24551e-05	122671	100	"[[""none"", 100]]"
T003	3	domain_label	0.000475015	6.84145e-05	0.00124707	6.18687e-05	0.00126125	122671	100	"[[""none"", 84], [""domain:Nudix hydrolase"", 9], [""domain:HTH lysR-type"", 3], [""domain:Deacetylase sirtuin-type"", 3], [""domain:Protein kinase"", 1]]"
T003	3	ptm_label	1.53138e-05	1.00404e-05	2.32717e-05	9.13577e-06	2.36453e-05	122671	100	"[[""none"", 100]]"
T003	3	topology_label	3.47896e-05	2.46804e-05	9.13602e-05	2.45515e-05	9.22165e-05	122671	100	"[[""none"", 98], [""transmembrane region"", 2]]"
T003	3	region_label	6.08227e-05	1.64853e-05	0.000291845	1.64128e-05	0.000298481	122671	100	"[[""none"", 99], [""region of interest:Activation segment"", 1]]"
T003	3	dominant_pfam	0.00299838	0.00226298	0.00485559	0.0020928	0.00516924	122671	100	"[[""PF02649"", 25], [""PF01967"", 17], [""PF00293"", 9], [""PF01888"", 9], [""PF03548"", 5], [""PF00112"", 4], [""PF03466"", 3], [""PF02146"", 3], [""PF02675"", 3], [""PF05194"", 3]]"
T003	3	aa	7.69856e-05	0.000326126	0.000895069	0.000280015	0.00101602	122671	100	"[[""E"", 11], [""V"", 9], [""P"", 9], [""L"", 8], [""T"", 8], [""F"", 7], [""G"", 6], [""S"", 6], [""A"", 6], [""Q"", 4]]"
T004	4	pfam_family	0.00262866	0.00158055	0.00431213	0.00153809	0.0044662	122671	100	"[[""none"", 32], [""PF02773"", 25], [""PF03947"", 13], [""PF00162"", 9], [""PF00673"", 7], [""PF00181"", 3], [""PF00847"", 3], [""PF01556"", 3], [""PF02772"", 2], [""PF00503"", 1]]"
T004	4	swiss_category	0.000708243	0.000399883	0.00150505	0.000365244	0.001614	122671	100	"[[""chain"", 53], [""chain+region"", 35], [""chain+functional"", 11], [""chain+topology"", 1]]"
T004	4	swiss_feature_type	0.000736208	0.000355811	0.00154372	0.000269684	0.00156248	122671	100	"[[""chain"", 53], [""chain+region of interest"", 25], [""chain+compositionally biased region+region of interest"", 10], [""binding site+chain"", 8], [""DNA-binding region+chain"", 3], [""chain+topological domain"", 1]]"
T004	4	secondary_structure	2.44831e-05	1.64433e-05	4.03547e-05	1.62183e-05	4.17562e-05	122671	100	"[[""none"", 100]]"
T004	4	functional_label	0.000234404	1.91938e-05	0.00104354	1.79069e-05	0.00159118	122671	100	"[[""none"", 89], [""binding site:in other chain"", 4], [""DNA-binding region:AP2/ERF"", 3], [""binding site"", 3], [""binding site+binding site:in other chain"", 1]]"
T004	4	domain_label	0.000109624	7.86947e-05	0.000145236	7.23774e-05	0.000148192	122671	100	"[[""none"", 100]]"
T004	4	ptm_label	1.53138e-05	8.92621e-06	2.22885e-05	8.76756e-06	2.23949e-05	122671	100	"[[""none"", 100]]"
T004	4	topology_label	4.94746e-05	3.45789e-05	9.26625e-05	3.07239e-05	0.000107122	122671	100	"[[""none"", 99], [""topological domain"", 1]]"
T004	4	region_label	0.000820811	0.000166558	0.00192167	9.08373e-05	0.00223619	122671	100	"[[""none"", 65], [""region of interest:Disordered"", 25], [""compositionally biased region:Acidic residues+region of interest:Disordered"", 6], [""compositionally biased region:Basic and acidic residues+region of interest:Disordered"", 4]]"
T004	4	dominant_pfam	0.0032425	0.0016847	0.00525824	0.00147245	0.00550658	122671	100	"[[""PF02773"", 28], [""PF03947"", 16], [""PF00828"", 13], [""PF04472"", 10], [""PF00162"", 9], [""PF00673"", 7], [""PF00847"", 6], [""PF01556"", 5], [""PF00503"", 1], [""PF00276"", 1]]"
T004	4	aa	0.00029016	0.000449785	0.00102593	0.00044252	0.00113467	122671	100	"[[""R"", 20], [""G"", 20], [""P"", 8], [""K"", 7], [""D"", 6], [""V"", 6], [""E"", 5], [""F"", 4], [""A"", 4], [""S"", 3]]"
T005	5	pfam_family	0.00256307	0.00162085	0.00408642	0.00136953	0.00431571	122671	100	"[[""none"", 33], [""PF02685"", 33], [""PF00005"", 15], [""PF08241"", 7], [""PF00069"", 4], [""PF05025"", 3], [""PF02580"", 1], [""PF01486"", 1], [""PF00335"", 1], [""PF00589"", 1]]"
T005	5	swiss_category	0.000249117	0.000147825	0.000765825	0.000135317	0.000853803	122671	100	"[[""chain"", 60], [""chain+domain"", 34], [""chain+region"", 3], [""chain+domain+secondary_structure"", 2], [""chain+topology"", 1]]"
T005	5	swiss_feature_type	0.000279921	0.000164736	0.000812428	0.000164111	0.000838191	122671	100	"[[""chain"", 60], [""chain+domain"", 34], [""chain+region of interest"", 2], [""chain+domain+strand"", 1], [""chain+domain+helix"", 1], [""chain+topological domain"", 1], [""chain+compositionally biased region+region of interest"", 1]]"
T005	5	secondary_structure	3.92684e-06	1.58974e-05	7.77386e-05	1.53393e-05	7.98946e-05	122671	100	"[[""none"", 98], [""strand"", 1], [""helix"", 1]]"
T005	5	functional_label	2.17815e-05	1.11177e-05	2.99267e-05	1.11157e-05	3.08032e-05	122671	100	"[[""none"", 100]]"
T005	5	domain_label	0.00121562	0.000585266	0.00223231	0.000395009	0.00249575	122671	100	"[[""none"", 64], [""domain:ABC transporter"", 30], [""domain:Protein kinase"", 4], [""domain:K-box"", 1], [""domain:Tyr recombinase"", 1]]"
T005	5	ptm_label	1.53138e-05	6.95296e-06	2.18356e-05	6.6771e-06	2.28992e-05	122671	100	"[[""none"", 100]]"
T005	5	topology_label	4.94746e-05	3.83794e-05	0.000107015	2.67921e-05	0.000120626	122671	100	"[[""none"", 99], [""topological domain"", 1]]"
T005	5	region_label	3.14463e-05	2.04586e-05	0.000195405	1.8716e-05	0.000203612	122671	100	"[[""none"", 97], [""region of interest:Disordered"", 2], [""compositionally biased region:Polar residues+region of interest:Disordered"", 1]]"
T005	5	dominant_pfam	0.00357832	0.00190517	0.00546648	0.0014885	0.00570224	122671	100	"[[""PF00005"", 39], [""PF02685"", 33], [""PF08241"", 7], [""PF00069"", 4], [""PF05025"", 3], [""PF00249"", 2], [""PF00010"", 2], [""PF00847"", 2], [""PF02580"", 1], [""PF01486"", 1]]"
T005	5	aa	7.35489e-05	0.00033288	0.000790966	0.000297867	0.000793418	122671	100	"[[""L"", 12], [""A"", 8], [""V"", 8], [""K"", 7], [""F"", 6], [""D"", 6], [""H"", 6], [""G"", 6], [""I"", 5], [""P"", 5]]"
T006	6	pfam_family	0.00324971	0.00249602	0.00487241	0.00249101	0.00529663	122671	100	"[[""PF00009"", 17], [""PF03143"", 16], [""PF00033"", 12], [""PF00124"", 11], [""PF00125"", 9], [""PF00154"", 9], [""PF00923"", 8], [""none"", 7], [""PF00549"", 7], [""PF01502"", 1]]"
T006	6	swiss_category	0.000635795	0.0002943	0.00154117	0.000259163	0.00170533	122671	100	"[[""chain"", 44], [""chain+topology"", 21], [""chain+functional"", 9], [""chain+domain"", 9], [""chain+domain+functional+region"", 8], [""chain+secondary_structure"", 6], [""region+topology"", 2], [""chain+ptm+secondary_structure"", 1]]"
T006	6	swiss_feature_type	0.000764617	0.00035321	0.00140515	0.000244308	0.00148847	122671	100	"[[""chain"", 44], [""chain+transmembrane region"", 21], [""chain+domain"", 9], [""binding site+chain+domain+region of interest"", 8], [""binding site+chain"", 8], [""chain+helix"", 6], [""region of interest+transit peptide"", 2], [""DNA-binding region+chain"", 1], [""chain+helix+modified residue"", 1]]"
T006	6	secondary_structure	5.04405e-05	1.58103e-05	0.000327924	1.471e-05	0.000344708	122671	100	"[[""none"", 93], [""helix"", 7]]"
T006	6	functional_label	0.00019727	1.42987e-05	0.000516654	1.09138e-05	0.000578925	122671	100	"[[""none"", 83], [""binding site"", 16], [""DNA-binding region:AP2/ERF"", 1]]"
T006	6	domain_label	0.000618528	8.30192e-05	0.00117871	7.58531e-05	0.00120678	122671	100	"[[""none"", 83], [""domain:tr-type G"", 17]]"
T006	6	ptm_label	2.94525e-05	1.02939e-05	0.000192437	1.01011e-05	0.000200445	122671	100	"[[""none"", 99], [""modified residue"", 1]]"
T006	6	topology_label	0.000198354	2.44586e-05	0.000495143	2.38988e-05	0.000608612	122671	100	"[[""none"", 77], [""transmembrane region"", 21], [""transit peptide"", 2]]"
T006	6	region_label	0.000401585	2.0337e-05	0.00119444	1.6467e-05	0.00122667	122671	100	"[[""none"", 90], [""region of interest:G1"", 8], [""region of interest:Disordered"", 2]]"
T006	6	dominant_pfam	0.00318781	0.00257125	0.00453662	0.00237194	0.00471408	122671	100	"[[""PF00009"", 33], [""PF00033"", 12], [""PF00124"", 11], [""PF08442"", 11], [""PF00125"", 9], [""PF00154"", 9], [""PF00923"", 8], [""PF12697"", 3], [""PF01502"", 1], [""PF00847"", 1]]"
T006	6	aa	9.19217e-05	0.000320348	0.000890529	0.000319931	0.000896106	122671	100	"[[""G"", 15], [""T"", 10], [""L"", 10], [""A"", 9], [""F"", 7], [""I"", 7], [""R"", 7], [""S"", 5], [""V"", 5], [""N"", 4]]"
T007	7	pfam_family	0.00306233	0.00191911	0.00495711	0.00188654	0.0053851	122671	100	"[[""PF00687"", 14], [""PF01702"", 12], [""PF22740"", 11], [""PF00116"", 11], [""PF00005"", 10], [""PF05496"", 9], [""PF00347"", 8], [""PF00009"", 7], [""none"", 3], [""PF01138"", 1]]"
T007	7	swiss_category	0.000507275	0.000264653	0.00166465	0.000253313	0.00170587	122671	100	"[[""chain"", 50], [""chain+region"", 11], [""chain+topology"", 11], [""chain+domain"", 10], [""chain+domain+functional"", 7], [""chain+domain+functional+region"", 5], [""chain+functional+region"", 4], [""chain+region+topology"", 1], [""chain+functional"", 1]]"
T007	7	swiss_feature_type	0.000691215	0.000431395	0.00190353	0.000411468	0.00204283	122671	100	"[[""chain"", 50], [""chain+topological domain"", 11], [""chain+region of interest"", 10], [""chain+domain"", 9], [""binding site+chain+domain"", 7], [""binding site+chain+domain+region of interest"", 5], [""binding site+chain+region of interest"", 4], [""chain+region of interest+topological domain"", 1], [""chain+compositionally biased region+region of interest"", 1], [""chain+repeat"", 1]]"
T007	7	secondary_structure	2.44831e-05	1.62299e-05	3.58913e-05	1.56094e-05	3.71927e-05	122671	100	"[[""none"", 100]]"
T007	7	functional_label	0.000210021	1.53401e-05	0.000645648	1.43464e-05	0.000727538	122671	100	"[[""none"", 83], [""binding site"", 16], [""active site:Nucleophile"", 1]]"
T007	7	domain_label	0.000568965	0.000191974	0.00161263	0.000110486	0.00170891	122671	100	"[[""none"", 78], [""domain:ABC transporter"", 10], [""domain:tr-type G"", 7], [""domain:G-alpha"", 1], [""domain:Era-type G"", 1], [""domain:RRM"", 1], [""repeat:WD 2"", 1], [""domain:HTH myb-type 2"", 1]]"
T007	7	ptm_label	1.53138e-05	9.92196e-06	2.05609e-05	8.70829e-06	2.14219e-05	122671	100	"[[""none"", 100]]"
T007	7	topology_label	0.000114869	5.32695e-05	0.00035344	5.21094e-05	0.000456566	122671	100	"[[""none"", 88], [""topological domain"", 12]]"
T007	7	region_label	0.000788624	0.000139144	0.00237961	6.01702e-05	0.00337599	122671	100	"[[""none"", 79], [""region of interest:Large ATPase domain (RuvB-L)"", 9], [""region of interest:RNA binding; important for wobble base 34 recognition"", 5], [""region of interest:G1"", 5], [""region of interest:Disordered"", 1], [""compositionally biased region:Acidic residues+region of interest:Disordered"", 1]]"
T007	7	dominant_pfam	0.00281835	0.00208211	0.00463696	0.00195318	0.00467368	122671	100	"[[""PF00687"", 14], [""PF01702"", 12], [""PF03668"", 11], [""PF00116"", 11], [""PF00005"", 10], [""PF05496"", 9], [""PF00347"", 8], [""PF00009"", 7], [""PF00059"", 1], [""PF04472"", 1]]"
T007	7	aa	0.000110585	0.000387392	0.000790809	0.000362639	0.000837083	122671	100	"[[""G"", 12], [""P"", 10], [""T"", 9], [""E"", 8], [""V"", 6], [""K"", 6], [""L"", 6], [""A"", 5], [""D"", 5], [""S"", 5]]"
T008	8	pfam_family	0.00323367	0.0023047	0.00542087	0.00227929	0.00555412	122671	100	"[[""PF13499"", 33], [""PF00847"", 10], [""none"", 9], [""PF00249"", 9], [""PF00046"", 7], [""PF00010"", 5], [""PF00871"", 2], [""PF00319"", 2], [""PF00072"", 1], [""PF12706"", 1]]"
T008	8	swiss_category	0.000891119	0.000474888	0.0021296	0.000456673	0.00213982	122671	100	"[[""chain+domain"", 43], [""chain"", 27], [""chain+functional"", 17], [""chain+domain+functional"", 11], [""chain+domain+ptm+secondary_structure"", 1], [""chain+region"", 1]]"
T008	8	swiss_feature_type	0.00122011	0.00068185	0.0021362	0.000461164	0.00233298	122671	100	"[[""chain+domain"", 43], [""chain"", 27], [""DNA-binding region+chain"", 17], [""binding site+chain+domain"", 11], [""chain+disulfide bond+domain+strand"", 1], [""chain+region of interest"", 1]]"
T008	8	secondary_structure	1.62627e-05	1.69922e-05	7.82649e-05	1.63507e-05	7.96666e-05	122671	100	"[[""none"", 99], [""strand"", 1]]"
T008	8	functional_label	0.000661634	5.84889e-05	0.00138458	5.30724e-05	0.00141094	122671	100	"[[""none"", 72], [""binding site"", 11], [""DNA-binding region:AP2/ERF"", 10], [""DNA-binding region:Homeobox"", 7]]"
T008	8	domain_label	0.00210504	0.00102268	0.00402689	0.00100553	0.0044051	122671	100	"[[""none"", 45], [""domain:EF-hand 1"", 12], [""domain:EF-hand 4"", 9], [""domain:EF-hand 3"", 7], [""domain:EF-hand 2"", 7], [""domain:HTH myb-type 1"", 5], [""domain:bHLH"", 5], [""domain:HTH myb-type 2"", 4], [""domain:MADS-box"", 2], [""domain:Response regulatory"", 1]]"
T008	8	ptm_label	2.42141e-06	7.27776e-06	3.24052e-05	5.19068e-06	3.89953e-05	122671	100	"[[""none"", 99], [""disulfide bond"", 1]]"
T008	8	topology_label	6.61551e-05	4.19404e-05	0.000100488	3.81777e-05	0.000105758	122671	100	"[[""none"", 100]]"
T008	8	region_label	6.6787e-05	2.01616e-05	0.000339181	1.64652e-05	0.000379595	122671	100	"[[""none"", 99], [""region of interest:RNA binding"", 1]]"
T008	8	dominant_pfam	0.00303857	0.00213056	0.00627096	0.00198775	0.00641722	122671	100	"[[""PF13499"", 36], [""PF00847"", 10], [""PF00249"", 9], [""PF00412"", 7], [""PF00010"", 5], [""PF02777"", 2], [""PF00871"", 2], [""PF01486"", 2], [""PF01339"", 1], [""PF02535"", 1]]"
T008	8	aa	0.000520125	0.0005011	0.00133106	0.000501036	0.00134884	122671	100	"[[""P"", 31], [""G"", 20], [""D"", 10], [""A"", 6], [""K"", 4], [""R"", 4], [""S"", 4], [""V"", 3], [""T"", 3], [""N"", 3]]"
T009	9	pfam_family	0.00147772	0.00100707	0.00319806	0.000720358	0.00362606	122671	100	"[[""none"", 38], [""PF13288"", 5], [""PF13640"", 3], [""PF01180"", 3], [""PF00141"", 3], [""PF07650"", 3], [""PF02146"", 3], [""PF00528"", 3], [""PF01790"", 3], [""PF00491"", 3]]"
T009	9	swiss_category	8.18557e-05	9.91354e-05	0.000446351	8.47404e-05	0.000477469	122671	100	"[[""chain"", 69], [""chain+domain"", 13], [""chain+topology"", 7], [""chain+ptm"", 4], [""chain+region"", 4], [""chain+domain+functional"", 2], [""chain+functional"", 1]]"
T009	9	swiss_feature_type	0.000118833	0.000117616	0.000412427	0.000107378	0.000466755	122671	100	"[[""chain"", 69], [""chain+domain"", 13], [""chain+transmembrane region"", 7], [""chain+disulfide bond"", 4], [""chain+region of interest"", 3], [""binding site+chain+domain"", 2], [""binding site+chain"", 1], [""chain+compositionally biased region+region of interest"", 1]]"
T009	9	secondary_structure	2.44831e-05	1.73579e-05	3.87247e-05	1.62199e-05	4.09978e-05	122671	100	"[[""none"", 100]]"
T009	9	functional_label	2.34757e-05	1.58954e-05	0.000304176	1.5163e-05	0.000443297	122671	100	"[[""none"", 97], [""binding site"", 2], [""binding site:in other chain"", 1]]"
T009	9	domain_label	0.000307033	9.45907e-05	0.000930086	8.25128e-05	0.00109411	122671	100	"[[""none"", 85], [""domain:Fe2OG dioxygenase"", 3], [""domain:KH type-2"", 3], [""domain:Deacetylase sirtuin-type"", 3], [""domain:ABC transmembrane type-1"", 3], [""domain:SprT-like"", 1], [""domain:G-alpha"", 1], [""domain:Radical SAM core"", 1]]"
T009	9	ptm_label	9.4685e-06	9.03491e-06	0.000137722	8.07726e-06	0.000139535	122671	100	"[[""none"", 96], [""disulfide bond"", 4]]"
T009	9	topology_label	2.93597e-05	2.56071e-05	0.000112716	2.509e-05	0.000126027	122671	100	"[[""none"", 93], [""transmembrane region"", 7]]"
T009	9	region_label	7.43584e-05	2.06663e-05	0.000387366	1.61006e-05	0.000399412	122671	100	"[[""none"", 96], [""region of interest:Important for the catalytic mechanism of dephosphorylation"", 1], [""region of interest:I-domain"", 1], [""region of interest:Disordered"", 1], [""compositionally biased region:Polar residues+region of interest:Disordered"", 1]]"
T009	9	dominant_pfam	0.00176604	0.00158048	0.00385353	0.00136021	0.00417122	122671	100	"[[""PF00412"", 6], [""PF00189"", 5], [""PF08501"", 5], [""PF02670"", 5], [""PF00134"", 4], [""PF13640"", 3], [""PF01180"", 3], [""PF00141"", 3], [""PF02146"", 3], [""PF13639"", 3]]"
T009	9	aa	0.000516851	0.000514656	0.00110394	0.000332071	0.00116768	122671	100	"[[""L"", 27], [""G"", 21], [""S"", 14], [""T"", 13], [""A"", 7], [""F"", 4], [""Y"", 3], [""P"", 3], [""V"", 2], [""W"", 2]]"
T010	10	pfam_family	0.00265436	0.00149766	0.00425441	0.00145359	0.00450621	122671	100	"[[""PF02685"", 26], [""none"", 18], [""PF02639"", 11], [""PF03740"", 6], [""PF01442"", 6], [""PF20582"", 5], [""PF01174"", 5], [""PF01774"", 5], [""PF00825"", 4], [""PF00829"", 3]]"
T010	10	swiss_category	0.000284663	0.000148639	0.000768689	0.000131931	0.000770847	122671	100	"[[""chain"", 90], [""chain+region"", 6], [""chain+region+topology"", 4]]"
T010	10	swiss_feature_type	0.000295849	0.000191187	0.000672255	0.000180935	0.000748455	122671	100	"[[""chain"", 90], [""chain+region of interest"", 4], [""chain+region of interest+topological domain"", 4], [""chain+compositionally biased region+region of interest"", 2]]"
T010	10	secondary_structure	2.44831e-05	1.55139e-05	3.60468e-05	1.42005e-05	3.81522e-05	122671	100	"[[""none"", 100]]"
T010	10	functional_label	2.17815e-05	1.11129e-05	3.559e-05	9.93223e-06	3.87174e-05	122671	100	"[[""none"", 100]]"
T010	10	domain_label	0.000109624	6.3467e-05	0.000150494	5.69543e-05	0.000157658	122671	100	"[[""none"", 100]]"
T010	10	ptm_label	1.53138e-05	9.5284e-06	2.16028e-05	9.33611e-06	2.26361e-05	122671	100	"[[""none"", 100]]"
T010	10	topology_label	4.51498e-05	3.85331e-05	0.00020852	3.42552e-05	0.000214282	122671	100	"[[""none"", 96], [""topological domain"", 4]]"
T010	10	region_label	0.000121843	5.33869e-05	0.00048809	3.23998e-05	0.000528225	122671	100	"[[""none"", 90], [""region of interest:Disordered"", 8], [""compositionally biased region:Basic and acidic residues+region of interest:Disordered"", 2]]"
T010	10	dominant_pfam	0.00298471	0.00230976	0.00507718	0.00184629	0.0055165	122671	100	"[[""PF02685"", 26], [""PF02639"", 11], [""PF00825"", 7], [""PF03740"", 6], [""PF01442"", 6], [""PF04002"", 5], [""PF01174"", 5], [""PF01774"", 5], [""PF00059"", 4], [""PF04472"", 3]]"
T010	10	aa	0.000194854	0.000363847	0.00100871	0.000341811	0.00105196	122671	100	"[[""D"", 11], [""A"", 10], [""P"", 9], [""Q"", 9], [""H"", 9], [""G"", 8], [""V"", 8], [""R"", 7], [""L"", 7], [""I"", 5]]"
T011	11	pfam_family	0.00123244	0.00100163	0.0019893	0.000952256	0.00200556	122671	100	"[[""none"", 89], [""PF00238"", 1], [""PF01370"", 1], [""PF01113"", 1], [""PF02590"", 1], [""PF04381"", 1], [""PF00436"", 1], [""PF03883"", 1], [""PF01232"", 1], [""PF01210"", 1]]"
T011	11	swiss_category	0.000156699	0.000132226	0.000359773	0.000129929	0.000364298	122671	100	"[[""chain"", 90], [""chain+domain"", 4], [""chain+region"", 3], [""topology"", 2], [""chain+ptm"", 1]]"
T011	11	swiss_feature_type	0.000200665	0.000148949	0.000413739	0.000143286	0.000423865	122671	100	"[[""chain"", 90], [""chain+domain"", 4], [""chain+region of interest"", 3], [""signal peptide"", 2], [""chain+modified residue"", 1]]"
T011	11	secondary_structure	2.44831e-05	1.64006e-05	3.55857e-05	1.55288e-05	3.64616e-05	122671	100	"[[""none"", 100]]"
T011	11	functional_label	2.17815e-05	1.46796e-05	3.4587e-05	1.14827e-05	3.49745e-05	122671	100	"[[""none"", 100]]"
T011	11	domain_label	0.000145022	6.75416e-05	0.000379209	6.72096e-05	0.000382869	122671	100	"[[""none"", 96], [""domain:J"", 1], [""domain:MGS-like"", 1], [""domain:Glutamine amidotransferase type-1"", 1], [""domain:SSB"", 1]]"
T011	11	ptm_label	2.94525e-05	9.13709e-06	0.00053311	8.49629e-06	0.000661277	122671	100	"[[""none"", 99], [""modified residue"", 1]]"
T011	11	topology_label	7.61138e-05	4.08258e-05	0.00016124	3.37068e-05	0.000164742	122671	100	"[[""none"", 98], [""signal peptide"", 2]]"
T011	11	region_label	3.39581e-05	1.99632e-05	0.000103916	1.97217e-05	0.000159538	122671	100	"[[""none"", 97], [""region of interest:Disordered"", 3]]"
T011	11	dominant_pfam	0.0013596	0.00196437	0.00369959	0.0015747	0.00382441	122671	100	"[[""PF00590"", 1], [""PF01634"", 1], [""PF05194"", 1], [""PF02075"", 1], [""PF00694"", 1], [""PF00699"", 1], [""PF01648"", 1], [""PF00238"", 1], [""PF00697"", 1], [""PF01195"", 1]]"
T011	11	aa	0.000839265	0.000547539	0.00136819	0.000388416	0.00144621	122671	100	"[[""K"", 29], [""L"", 15], [""I"", 15], [""P"", 14], [""T"", 13], [""D"", 12], [""Q"", 1], [""Y"", 1]]"
T012	12	pfam_family	0.0022471	0.00159465	0.00362673	0.00132632	0.00383027	122671	100	"[[""none"", 40], [""PF02685"", 32], [""PF00005"", 7], [""PF13499"", 5], [""PF01791"", 4], [""PF04361"", 3], [""PF00081"", 2], [""PF03079"", 2], [""PF02348"", 1], [""PF01470"", 1]]"
T012	12	swiss_category	0.000220077	0.000114061	0.000475682	0.00011062	0.000510433	122671	100	"[[""chain"", 67], [""chain+domain"", 18], [""chain+region"", 13], [""chain+domain+functional"", 2]]"
T012	12	swiss_feature_type	0.000339204	0.000156651	0.000874318	0.000123359	0.000920326	122671	100	"[[""chain"", 67], [""chain+domain"", 18], [""chain+compositionally biased region+region of interest"", 11], [""chain+region of interest"", 2], [""binding site+chain+domain"", 2]]"
T012	12	secondary_structure	2.44831e-05	1.04279e-05	3.26262e-05	9.89482e-06	3.35713e-05	122671	100	"[[""none"", 100]]"
T012	12	functional_label	6.40957e-06	1.51838e-05	0.000123445	1.50945e-05	0.000133517	122671	100	"[[""none"", 98], [""binding site"", 2]]"
T012	12	domain_label	0.000659422	8.62786e-05	0.00142906	7.00201e-05	0.00165723	122671	100	"[[""none"", 80], [""domain:ABC transporter"", 14], [""domain:EF-hand 2"", 5], [""domain:ABC transmembrane type-1"", 1]]"
T012	12	ptm_label	1.53138e-05	7.63091e-06	2.32354e-05	7.32353e-06	2.36614e-05	122671	100	"[[""none"", 100]]"
T012	12	topology_label	6.61551e-05	3.63586e-05	0.000102706	3.59483e-05	0.000110773	122671	100	"[[""none"", 100]]"
T012	12	region_label	0.000377992	2.28169e-05	0.00190424	1.87379e-05	0.00207206	122671	100	"[[""none"", 87], [""compositionally biased region:Acidic residues+region of interest:Disordered"", 8], [""region of interest:Disordered"", 2], [""compositionally biased region:Low complexity+region of interest:Disordered"", 1], [""compositionally biased region:Polar residues+region of interest:Disordered"", 1], [""compositionally biased region:Basic and acidic residues+region of interest:Disordered"", 1]]"
T012	12	dominant_pfam	0.00329787	0.00217952	0.0052409	0.00192703	0.00676335	122671	100	"[[""PF02685"", 32], [""PF04472"", 20], [""PF00005"", 14], [""PF13499"", 5], [""PF01791"", 4], [""PF04751"", 4], [""PF00505"", 4], [""PF02777"", 3], [""PF04361"", 3], [""PF03079"", 2]]"
T012	12	aa	0.000243955	0.000394253	0.000918862	0.000360359	0.000993002	122671	100	"[[""D"", 21], [""E"", 12], [""G"", 9], [""A"", 9], [""I"", 6], [""N"", 6], [""Y"", 6], [""L"", 5], [""K"", 4], [""F"", 4]]"
T013	13	pfam_family	0.0026799	0.00186786	0.00530308	0.00171753	0.00536383	122671	100	"[[""PF01486"", 15], [""none"", 14], [""PF00170"", 9], [""PF00010"", 8], [""PF00005"", 7], [""PF00244"", 6], [""PF00071"", 4], [""PF17864"", 3], [""PF00195"", 3], [""PF00081"", 2]]"
T013	13	swiss_category	0.000495854	0.000236962	0.00105017	0.000219237	0.00113661	122671	100	"[[""chain"", 48], [""chain+domain"", 38], [""chain+region"", 6], [""chain+domain+region"", 6], [""chain+functional+region"", 1], [""chain+domain+secondary_structure"", 1]]"
T013	13	swiss_feature_type	0.000551521	0.000302647	0.00161233	0.00026573	0.00188587	122671	100	"[[""chain"", 47], [""chain+domain"", 38], [""chain+region of interest"", 6], [""chain+domain+region of interest"", 6], [""propeptide"", 1], [""binding site+chain+region of interest"", 1], [""chain+domain+helix"", 1]]"
T013	13	secondary_structure	1.20648e-05	1.33118e-05	4.36021e-05	1.11059e-05	4.57273e-05	122671	100	"[[""none"", 99], [""helix"", 1]]"
T013	13	functional_label	8.40209e-06	1.03365e-05	4.15596e-05	9.30119e-06	4.16762e-05	122671	100	"[[""none"", 99], [""binding site"", 1]]"
T013	13	domain_label	0.00157418	0.000783554	0.0028591	0.00071863	0.0031132	122671	100	"[[""none"", 55], [""domain:K-box"", 15], [""domain:bZIP"", 11], [""domain:bHLH"", 8], [""domain:ABC transporter"", 7], [""domain:S4 RNA-binding"", 1], [""domain:MsrB"", 1], [""domain:Protein kinase"", 1], [""domain:EF-hand 1"", 1]]"
T013	13	ptm_label	1.53138e-05	8.41185e-06	2.30342e-05	8.03959e-06	2.3294e-05	122671	100	"[[""none"", 100]]"
T013	13	topology_label	6.61551e-05	4.36079e-05	9.36756e-05	4.27966e-05	0.000100085	122671	100	"[[""none"", 100]]"
T013	13	region_label	0.000417217	2.47733e-05	0.000929836	2.36807e-05	0.000956057	122671	100	"[[""none"", 87], [""region of interest:Leucine-zipper"", 6], [""region of interest:Small ATPAse domain (RuvB-S)"", 3], [""region of interest:Head domain (RuvB-H)"", 2], [""region of interest:Large ATPase domain (RuvB-L)"", 2]]"
T013	13	dominant_pfam	0.00254649	0.00217787	0.00471748	0.00204867	0.0058431	122671	100	"[[""PF01486"", 15], [""PF00170"", 11], [""PF00010"", 8], [""PF00005"", 7], [""PF05496"", 7], [""PF00071"", 6], [""PF00244"", 6], [""PF04337"", 3], [""PF00195"", 3], [""PF13499"", 3]]"
T013	13	aa	0.000219777	0.000400538	0.000971474	0.000395109	0.000992028	122671	100	"[[""R"", 17], [""E"", 15], [""L"", 11], [""A"", 7], [""T"", 7], [""Q"", 6], [""D"", 6], [""N"", 5], [""M"", 4], [""G"", 3]]"
T014	14	pfam_family	0.00221486	0.00142856	0.00397998	0.00138422	0.00443692	122671	100	"[[""none"", 25], [""PF00125"", 18], [""PF00033"", 10], [""PF00238"", 4], [""PF00124"", 4], [""PF08240"", 2], [""PF07977"", 2], [""PF00164"", 2], [""PF02580"", 2], [""PF00112"", 2]]"
T014	14	swiss_category	0.000293563	0.000152714	0.00114024	0.000143362	0.00134325	122671	100	"[[""chain"", 64], [""chain+secondary_structure"", 11], [""chain+topology"", 6], [""chain+domain"", 4], [""chain+ptm+secondary_structure"", 4], [""chain+region"", 4], [""chain+functional"", 3], [""chain+domain+secondary_structure"", 1], [""chain+ptm+region"", 1], [""chain+ptm"", 1]]"
T014	14	swiss_feature_type	0.000440792	0.000255523	0.0014308	0.000171778	0.00152168	122671	100	"[[""chain"", 64], [""chain+transmembrane region"", 6], [""chain+helix"", 6], [""chain+strand"", 5], [""chain+domain"", 4], [""chain+region of interest"", 4], [""binding site+chain"", 2], [""chain+helix+modified residue"", 2], [""chain+modified residue+strand"", 2], [""chain+domain+strand"", 1]]"
T014	14	secondary_structure	0.000141293	1.7087e-05	0.000449204	1.34028e-05	0.000476307	122671	100	"[[""none"", 84], [""strand"", 8], [""helix"", 8]]"
T014	14	functional_label	5.09268e-05	1.3713e-05	0.000560345	1.29502e-05	0.000621221	122671	100	"[[""none"", 96], [""binding site"", 2], [""DNA-binding region:AP2/ERF"", 1], [""binding site:axial binding residue"", 1]]"
T014	14	domain_label	0.000153293	5.99077e-05	0.000545325	5.9386e-05	0.000644353	122671	100	"[[""none"", 95], [""domain:ApaG"", 1], [""domain:DAHPS class-I TIM-barrel"", 1], [""domain:S5 DRBM"", 1], [""domain:CN hydrolase"", 1], [""domain:FAD-binding FR-type"", 1]]"
T014	14	ptm_label	0.000141027	7.27283e-06	0.000830173	6.85525e-06	0.000998396	122671	100	"[[""none"", 94], [""modified residue"", 5], [""disulfide bond"", 1]]"
T014	14	topology_label	2.93597e-05	2.4193e-05	0.000109813	2.37346e-05	0.000142527	122671	100	"[[""none"", 93], [""transmembrane region"", 7]]"
T014	14	region_label	5.62007e-05	1.79536e-05	0.000215225	1.77091e-05	0.000283966	122671	100	"[[""none"", 95], [""region of interest:Disordered"", 5]]"
T014	14	dominant_pfam	0.00279337	0.00208558	0.00521016	0.00197087	0.00538258	122671	100	"[[""PF00033"", 24], [""PF00125"", 23], [""PF00238"", 4], [""PF00124"", 4], [""PF08240"", 2], [""PF07977"", 2], [""PF00164"", 2], [""PF02580"", 2], [""PF00112"", 2], [""PF00071"", 2]]"
T014	14	aa	5.62134e-05	0.000324494	0.000891346	0.000286365	0.00105185	122671	100	"[[""L"", 14], [""K"", 9], [""T"", 8], [""D"", 7], [""E"", 7], [""R"", 7], [""V"", 6], [""I"", 6], [""G"", 6], [""P"", 5]]"
T015	15	pfam_family	0.00276038	0.0021612	0.00483148	0.00165275	0.00508873	122671	100	"[[""PF01450"", 10], [""PF01243"", 8], [""PF02130"", 7], [""PF01409"", 6], [""PF03725"", 6], [""PF00154"", 6], [""PF00011"", 6], [""PF01636"", 6], [""none"", 5], [""PF02547"", 5]]"
T015	15	swiss_category	0.000204497	0.000112754	0.000397231	0.000102611	0.000438862	122671	100	"[[""chain"", 74], [""chain+domain"", 25], [""chain+domain+functional"", 1]]"
T015	15	swiss_feature_type	0.000221661	0.000104168	0.000441776	8.56023e-05	0.000558748	122671	100	"[[""chain"", 74], [""chain+domain"", 25], [""binding site+chain+domain"", 1]]"
T015	15	secondary_structure	2.44831e-05	2.02777e-05	3.84014e-05	1.96583e-05	3.84684e-05	122671	100	"[[""none"", 100]]"
T015	15	functional_label	8.40209e-06	1.49993e-05	0.000132093	1.34169e-05	0.000189608	122671	100	"[[""none"", 99], [""binding site"", 1]]"
T015	15	domain_label	0.000752493	0.000181955	0.00128096	7.39949e-05	0.00136667	122671	100	"[[""none"", 74], [""domain:KARI C-terminal knotted"", 10], [""domain:sHSP"", 6], [""domain:FAD-binding FR-type"", 4], [""domain:UmuC"", 4], [""domain:SprT-like"", 2]]"
T015	15	ptm_label	1.53138e-05	7.35549e-06	2.33124e-05	6.54365e-06	2.52288e-05	122671	100	"[[""none"", 100]]"
T015	15	topology_label	6.61551e-05	4.32118e-05	9.94243e-05	3.4635e-05	0.000103593	122671	100	"[[""none"", 100]]"
T015	15	region_label	3.25035e-05	1.79543e-05	4.52561e-05	1.50668e-05	4.70643e-05	122671	100	"[[""none"", 100]]"
T015	15	dominant_pfam	0.00253425	0.00217137	0.00379279	0.00201781	0.00385904	122671	100	"[[""PF07991"", 10], [""PF01243"", 8], [""PF02130"", 7], [""PF01409"", 6], [""PF01138"", 6], [""PF00154"", 6], [""PF00011"", 6], [""PF01636"", 6], [""PF02547"", 5], [""PF02245"", 5]]"
T015	15	aa	0.000132809	0.000383064	0.000815156	0.000351354	0.000816735	122671	100	"[[""G"", 12], [""D"", 10], [""N"", 9], [""E"", 8], [""T"", 8], [""V"", 8], [""A"", 7], [""L"", 6], [""S"", 5], [""H"", 5]]"
T016	16	pfam_family	0.00256515	0.00203912	0.00452668	0.00200177	0.00461678	122671	100	"[[""PF02685"", 32], [""none"", 19], [""PF00684+PF01556"", 7], [""PF00252"", 4], [""PF00237"", 4], [""PF00076"", 4], [""PF01409"", 3], [""PF00005"", 3], [""PF17283"", 2], [""PF00072"", 2]]"
T016	16	swiss_category	0.000120418	9.37114e-05	0.000415086	8.33048e-05	0.000425246	122671	100	"[[""chain"", 72], [""chain+domain"", 21], [""chain+region"", 4], [""chain+domain+topology"", 1], [""chain+ptm"", 1], [""chain+topology"", 1]]"
T016	16	swiss_feature_type	0.000182933	0.000133255	0.000872888	0.000116876	0.0013504	122671	100	"[[""chain"", 72], [""chain+domain"", 16], [""chain+repeat"", 5], [""chain+region of interest"", 4], [""chain+repeat+transmembrane region"", 1], [""chain+disulfide bond"", 1], [""chain+topological domain"", 1]]"
T016	16	secondary_structure	2.44831e-05	1.51542e-05	3.20739e-05	1.43886e-05	3.23639e-05	122671	100	"[[""none"", 100]]"
T016	16	functional_label	2.17815e-05	1.11885e-05	3.12068e-05	6.23973e-06	3.40846e-05	122671	100	"[[""none"", 100]]"
T016	16	domain_label	0.000560187	0.000212862	0.00159298	0.000205875	0.00160599	122671	100	"[[""none"", 78], [""repeat:CXXCXGXG motif"", 5], [""domain:RRM"", 4], [""domain:ABC transporter"", 4], [""domain:Response regulatory"", 3], [""domain:SprT-like"", 2], [""repeat:Solcar 3"", 1], [""domain:CoA carboxyltransferase N-terminal"", 1], [""domain:MsrB"", 1], [""domain:Radical SAM core"", 1]]"
T016	16	ptm_label	2.42141e-06	9.92133e-06	3.76093e-05	8.46978e-06	4.87018e-05	122671	100	"[[""none"", 99], [""disulfide bond"", 1]]"
T016	16	topology_label	2.81819e-05	3.22712e-05	9.18276e-05	2.8461e-05	9.66886e-05	122671	100	"[[""none"", 98], [""transmembrane region"", 1], [""topological domain"", 1]]"
T016	16	region_label	0.000124902	2.26823e-05	0.000512194	2.18847e-05	0.000641555	122671	100	"[[""none"", 96], [""region of interest:Phosphoribosyl-AMP cyclohydrolase"", 4]]"
T016	16	dominant_pfam	0.0027583	0.00189331	0.00488731	0.00160946	0.00496028	122671	100	"[[""PF02685"", 32], [""PF01556"", 9], [""PF04284"", 4], [""PF01503"", 4], [""PF00252"", 4], [""PF01339"", 4], [""PF00237"", 4], [""PF00076"", 4], [""PF00005"", 4], [""PF03719"", 3]]"
T016	16	aa	9.16536e-05	0.000345548	0.00083456	0.000321208	0.000848347	122671	100	"[[""K"", 13], [""L"", 11], [""G"", 9], [""S"", 7], [""A"", 7], [""R"", 7], [""V"", 7], [""E"", 7], [""D"", 5], [""I"", 4]]"
T017	17	pfam_family	0.00302114	0.00179892	0.00432321	0.00153911	0.00444772	122671	100	"[[""PF02685"", 33], [""PF00005"", 32], [""none"", 25], [""PF00096"", 2], [""PF07690"", 1], [""PF00081"", 1], [""PF01149"", 1], [""PF07977"", 1], [""PF00892"", 1], [""PF01174"", 1]]"
T017	17	swiss_category	0.000414097	0.000144121	0.000813452	9.78386e-05	0.000834853	122671	100	"[[""chain"", 49], [""chain+domain"", 47], [""chain+topology"", 2], [""chain+domain+topology"", 1], [""chain+functional"", 1]]"
T017	17	swiss_feature_type	0.000453721	0.000163858	0.00116938	0.000162457	0.00120129	122671	100	"[[""chain"", 49], [""chain+domain"", 47], [""chain+transmembrane region"", 2], [""chain+domain+transmembrane region"", 1], [""binding site+chain"", 1]]"
T017	17	secondary_structure	2.44831e-05	1.06798e-05	3.51559e-05	9.91641e-06	3.58443e-05	122671	100	"[[""none"", 100]]"
T017	17	functional_label	8.40209e-06	1.25464e-05	3.38953e-05	1.25364e-05	3.49392e-05	122671	100	"[[""none"", 99], [""binding site"", 1]]"
T017	17	domain_label	0.00193505	0.000572476	0.00320953	0.000455355	0.00330617	122671	100	"[[""none"", 52], [""domain:ABC transporter"", 47], [""domain:EamA 1"", 1]]"
T017	17	ptm_label	1.53138e-05	9.81932e-06	2.41738e-05	9.6894e-06	2.54181e-05	122671	100	"[[""none"", 100]]"
T017	17	topology_label	2.91494e-05	2.61175e-05	8.89035e-05	2.53248e-05	9.07433e-05	122671	100	"[[""none"", 97], [""transmembrane region"", 3]]"
T017	17	region_label	3.25035e-05	1.93072e-05	5.05739e-05	1.54979e-05	5.33608e-05	122671	100	"[[""none"", 100]]"
T017	17	dominant_pfam	0.00408011	0.00281979	0.006712	0.00257355	0.0070171	122671	100	"[[""PF00005"", 56], [""PF02685"", 33], [""PF00096"", 2], [""PF07690"", 1], [""PF02777"", 1], [""PF01149"", 1], [""PF07977"", 1], [""PF00892"", 1], [""PF01174"", 1], [""PF00361"", 1]]"
T017	17	aa	6.86307e-05	0.000409904	0.0007726	0.000406609	0.00078047	122671	100	"[[""L"", 12], [""V"", 9], [""G"", 8], [""I"", 7], [""A"", 7], [""D"", 7], [""N"", 7], [""K"", 6], [""Y"", 5], [""E"", 5]]"
T018	18	pfam_family	0.00125608	0.000833075	0.00195514	0.000797206	0.0020021	122671	100	"[[""none"", 94], [""PF01113"", 1], [""PF02590"", 1], [""PF01491"", 1], [""PF04279"", 1], [""PF01210"", 1], [""PF01370"", 1]]"
T018	18	swiss_category	0.000122006	7.76082e-05	0.000490604	7.36749e-05	0.000521959	122671	100	"[[""chain"", 86], [""chain+region"", 5], [""chain+domain"", 4], [""chain+topology"", 3], [""topology"", 2]]"
T018	18	swiss_feature_type	0.000171338	0.000118672	0.000406664	0.000103674	0.000406684	122671	100	"[[""chain"", 86], [""chain+region of interest"", 5], [""chain+domain"", 3], [""chain+topological domain"", 3], [""signal peptide"", 2], [""chain+repeat"", 1]]"
T018	18	secondary_structure	2.44831e-05	1.69449e-05	3.18869e-05	1.28905e-05	3.21067e-05	122671	100	"[[""none"", 100]]"
T018	18	functional_label	2.17815e-05	1.2674e-05	2.95455e-05	1.00994e-05	3.03015e-05	122671	100	"[[""none"", 100]]"
T018	18	domain_label	0.000159746	5.76587e-05	0.000558216	5.4399e-05	0.000641767	122671	100	"[[""none"", 96], [""domain:MGS-like"", 1], [""domain:J"", 1], [""repeat:ANK 1"", 1], [""domain:CN hydrolase"", 1]]"
T018	18	ptm_label	1.53138e-05	9.98246e-06	2.03342e-05	9.90123e-06	2.04822e-05	122671	100	"[[""none"", 100]]"
T018	18	topology_label	5.36974e-05	3.25032e-05	0.000311567	2.9274e-05	0.000318605	122671	100	"[[""none"", 95], [""topological domain"", 3], [""signal peptide"", 2]]"
T018	18	region_label	5.58955e-05	1.82095e-05	0.000353514	1.54764e-05	0.000578041	122671	100	"[[""none"", 95], [""region of interest:Disordered"", 4], [""region of interest:Phosphoribosyl-AMP cyclohydrolase"", 1]]"
T018	18	dominant_pfam	0.0013866	0.00199104	0.00373741	0.00170563	0.00373885	122671	100	"[[""PF00572"", 1], [""PF00329"", 1], [""PF00303"", 1], [""PF00551"", 1], [""PF01725"", 1], [""PF01470"", 1], [""PF08501"", 1], [""PF00528"", 1], [""PF00121"", 1], [""PF00043"", 1]]"
T018	18	aa	0.00091555	0.000656161	0.00163803	0.000563574	0.00181477	122671	100	"[[""K"", 28], [""T"", 27], [""N"", 17], [""D"", 13], [""V"", 4], [""E"", 2], [""S"", 2], [""I"", 2], [""Q"", 2], [""A"", 2]]"
T019	19	pfam_family	0.00225932	0.00163368	0.003719	0.00155436	0.00372477	122671	100	"[[""PF02685"", 32], [""none"", 25], [""PF00420"", 5], [""PF06965"", 4], [""PF02107"", 3], [""PF11967"", 3], [""PF00005"", 3], [""PF02673"", 2], [""PF01625"", 2], [""PF00871"", 2]]"
T019	19	swiss_category	0.000108835	0.000110984	0.000524723	9.48333e-05	0.000575625	122671	100	"[[""chain"", 69], [""chain+topology"", 15], [""chain+domain"", 8], [""chain+region"", 6], [""chain+functional"", 1], [""topology"", 1]]"
T019	19	swiss_feature_type	0.000182193	9.56645e-05	0.000596339	9.11039e-05	0.000654443	122671	100	"[[""chain"", 69], [""chain+transmembrane region"", 15], [""chain+domain"", 8], [""chain+compositionally biased region+region of interest"", 4], [""chain+region of interest"", 2], [""binding site+chain"", 1], [""signal peptide"", 1]]"
T019	19	secondary_structure	2.44831e-05	1.31007e-05	3.66538e-05	1.07752e-05	3.70847e-05	122671	100	"[[""none"", 100]]"
T019	19	functional_label	8.40209e-06	1.29248e-05	7.22821e-05	1.11647e-05	0.000105042	122671	100	"[[""none"", 99], [""binding site"", 1]]"
T019	19	domain_label	0.00019816	7.26105e-05	0.000452149	6.94838e-05	0.000472826	122671	100	"[[""none"", 92], [""domain:ABC transporter"", 4], [""domain:ATP-grasp"", 2], [""domain:LIM zinc-binding 2"", 1], [""domain:sHSP"", 1]]"
T019	19	ptm_label	1.53138e-05	9.27241e-06	2.02899e-05	9.11074e-06	2.43245e-05	122671	100	"[[""none"", 100]]"
T019	19	topology_label	8.64863e-05	2.85597e-05	0.000436603	2.69608e-05	0.000460909	122671	100	"[[""none"", 84], [""transmembrane region"", 15], [""signal peptide"", 1]]"
T019	19	region_label	0.000151901	1.93894e-05	0.000858846	1.93093e-05	0.00104257	122671	100	"[[""none"", 94], [""compositionally biased region:Pro residues+region of interest:Disordered"", 3], [""region of interest:Disordered"", 2], [""compositionally biased region:Basic and acidic residues+region of interest:Disordered"", 1]]"
T019	19	dominant_pfam	0.00263336	0.00239568	0.00461129	0.0022715	0.00485021	122671	100	"[[""PF02685"", 32], [""PF00046"", 7], [""PF00420"", 5], [""PF00412"", 5], [""PF06965"", 4], [""PF00005"", 4], [""PF01025"", 3], [""PF02107"", 3], [""PF02565"", 3], [""PF02673"", 2]]"
T019	19	aa	0.000152536	0.000423262	0.00103966	0.000419452	0.00124108	122671	100	"[[""L"", 14], [""Y"", 11], [""G"", 9], [""F"", 8], [""A"", 8], [""P"", 6], [""R"", 6], [""K"", 6], [""M"", 5], [""S"", 4]]"
T020	20	pfam_family	0.00265885	0.00160298	0.00484724	0.00158084	0.00571111	122671	100	"[[""PF02685"", 33], [""none"", 22], [""PF07686"", 12], [""PF00005"", 7], [""PF00132"", 4], [""PF00699"", 3], [""PF00101"", 3], [""PF02556"", 3], [""PF00156"", 2], [""PF00291"", 2]]"
T020	20	swiss_category	0.000389173	0.000143683	0.000836219	0.000117583	0.000858836	122671	100	"[[""chain"", 60], [""chain+domain"", 24], [""chain+region"", 7], [""chain+ptm+region"", 7], [""chain+functional"", 2]]"
T020	20	swiss_feature_type	0.000431452	0.00016743	0.00131928	0.000166482	0.00133986	122671	100	"[[""chain"", 60], [""chain+domain"", 24], [""chain+region of interest"", 7], [""chain+disulfide bond+region of interest"", 7], [""binding site+chain"", 2]]"
T020	20	secondary_structure	2.44831e-05	1.76556e-05	3.98881e-05	1.59448e-05	4.05885e-05	122671	100	"[[""none"", 100]]"
T020	20	functional_label	6.40957e-06	1.42228e-05	7.00697e-05	1.28855e-05	9.90033e-05	122671	100	"[[""none"", 98], [""binding site"", 2]]"
T020	20	domain_label	0.000807313	0.000218218	0.0021421	0.000211479	0.00222107	122671	100	"[[""none"", 76], [""domain:ABC transporter"", 22], [""domain:Fe2OG dioxygenase"", 2]]"
T020	20	ptm_label	3.79471e-05	9.70333e-06	0.000337835	8.73795e-06	0.000353939	122671	100	"[[""none"", 93], [""disulfide bond"", 7]]"
T020	20	topology_label	6.61551e-05	3.13055e-05	9.06667e-05	2.90344e-05	9.8908e-05	122671	100	"[[""none"", 100]]"
T020	20	region_label	0.000569197	2.01896e-05	0.00137647	1.78194e-05	0.00152396	122671	100	"[[""none"", 86], [""region of interest:Framework-3"", 7], [""region of interest:Complementarity-determining-3"", 4], [""region of interest:Framework-4"", 2], [""region of interest:Large ATPase domain (RuvB-L)"", 1]]"
T020	20	dominant_pfam	0.00348535	0.00211346	0.00502077	0.00176047	0.00570381	122671	100	"[[""PF02685"", 33], [""PF00005"", 25], [""PF07686"", 13], [""PF00132"", 7], [""PF00699"", 3], [""PF00101"", 3], [""PF02556"", 3], [""PF00156"", 2], [""PF00291"", 2], [""PF13640"", 2]]"
T020	20	aa	0.000115883	0.000385543	0.000916947	0.000370973	0.000928114	122671	100	"[[""D"", 11], [""E"", 9], [""L"", 9], [""I"", 7], [""F"", 7], [""G"", 7], [""N"", 7], [""S"", 6], [""K"", 6], [""V"", 6]]"
T021	21	pfam_family	0.00192643	0.00120952	0.00297638	0.00117527	0.0030674	122671	100	"[[""none"", 54], [""PF12796"", 18], [""PF01015"", 9], [""PF00177"", 6], [""PF00046"", 5], [""PF02556"", 2], [""PF04345"", 1], [""PF02547"", 1], [""PF00216"", 1], [""PF01571"", 1]]"
T021	21	swiss_category	0.00060004	0.000240732	0.00112872	0.000179363	0.00124273	122671	100	"[[""chain"", 44], [""chain+region"", 28], [""chain+domain"", 20], [""chain+functional+region"", 5], [""chain+topology"", 3]]"
T021	21	swiss_feature_type	0.00116431	0.000616142	0.00243176	0.000585616	0.00263598	122671	100	"[[""chain"", 44], [""chain+region of interest"", 23], [""chain+repeat"", 20], [""chain+compositionally biased region+region of interest"", 5], [""DNA-binding region+chain+region of interest"", 5], [""chain+topological domain"", 3]]"
T021	21	secondary_structure	2.44831e-05	1.46005e-05	3.92655e-05	1.25041e-05	4.08936e-05	122671	100	"[[""none"", 100]]"
T021	21	functional_label	0.000142147	1.26037e-05	0.000490848	1.22101e-05	0.00060952	122671	100	"[[""none"", 95], [""DNA-binding region:Homeobox"", 5]]"
T021	21	domain_label	0.000733426	0.000315506	0.00179515	0.00031531	0.0018224	122671	100	"[[""none"", 80], [""repeat:ANK 6"", 4], [""repeat:ANK 5"", 3], [""repeat:ANK 7"", 3], [""repeat:ANK 4"", 3], [""repeat:ANK 3"", 3], [""repeat:ANK 8"", 2], [""repeat:ANK 2"", 2]]"
T021	21	ptm_label	1.53138e-05	1.20465e-05	2.44806e-05	1.15664e-05	2.75573e-05	122671	100	"[[""none"", 100]]"
T021	21	topology_label	4.32366e-05	3.80239e-05	0.000108394	3.41012e-05	0.000109954	122671	100	"[[""none"", 97], [""topological domain"", 3]]"
T021	21	region_label	0.000831513	0.000205571	0.00193112	0.0001873	0.00196943	122671	100	"[[""none"", 67], [""region of interest:Disordered"", 28], [""compositionally biased region:Pro residues+region of interest:Disordered"", 5]]"
T021	21	dominant_pfam	0.00303975	0.00233111	0.00482541	0.00227417	0.00484081	122671	100	"[[""PF12796"", 20], [""PF00903"", 11], [""PF01015"", 9], [""PF02021"", 8], [""PF00177"", 6], [""PF00411"", 6], [""PF00170"", 6], [""PF01025"", 5], [""PF02556"", 5], [""PF00412"", 5]]"
T021	21	aa	0.000320443	0.000429156	0.00107014	0.000397252	0.00110528	122671	100	"[[""P"", 19], [""A"", 13], [""K"", 12], [""E"", 8], [""Y"", 7], [""V"", 7], [""S"", 6], [""F"", 5], [""T"", 5], [""L"", 4]]"
T022	22	pfam_family	0.002042	0.00160067	0.00368943	0.00156344	0.00394653	122671	100	"[[""none"", 37], [""PF02685"", 17], [""PF05496"", 12], [""PF00005"", 10], [""PF02556"", 5], [""PF05025"", 2], [""PF00163"", 1], [""PF04445"", 1], [""PF00160"", 1], [""PF00912"", 1]]"
T022	22	swiss_category	0.000739616	0.000251783	0.00145469	0.000228261	0.00147089	122671	100	"[[""chain"", 43], [""chain+region"", 35], [""chain+domain+functional"", 7], [""chain+domain"", 6], [""chain+ptm"", 4], [""chain+ptm+secondary_structure"", 2], [""chain+functional"", 1], [""chain+topology"", 1], [""none"", 1]]"
T022	22	swiss_feature_type	0.000823843	0.000575327	0.00216887	0.000571341	0.00224937	122671	100	"[[""chain"", 43], [""chain+region of interest"", 20], [""chain+compositionally biased region+region of interest"", 15], [""binding site+chain+domain"", 7], [""chain+domain"", 6], [""chain+disulfide bond"", 4], [""chain+disulfide bond+helix"", 2], [""binding site+chain"", 1], [""chain+topological domain"", 1], [""none"", 1]]"
T022	22	secondary_structure	1.10339e-05	1.55286e-05	4.83307e-05	1.51482e-05	5.18942e-05	122671	100	"[[""none"", 98], [""helix"", 2]]"
T022	22	functional_label	5.28132e-05	1.72813e-05	0.000305336	1.64751e-05	0.000399829	122671	100	"[[""none"", 92], [""binding site"", 8]]"
T022	22	domain_label	0.000364707	6.5478e-05	0.00146642	4.53816e-05	0.00151679	122671	100	"[[""none"", 87], [""domain:ABC transporter"", 10], [""domain:PPIase cyclophilin-type"", 1], [""domain:Obg"", 1], [""domain:CN hydrolase"", 1]]"
T022	22	ptm_label	2.69068e-05	8.02606e-06	0.00018331	7.56556e-06	0.000249783	122671	100	"[[""none"", 94], [""disulfide bond"", 6]]"
T022	22	topology_label	4.94746e-05	3.96054e-05	9.14697e-05	3.55853e-05	0.000101907	122671	100	"[[""none"", 99], [""topological domain"", 1]]"
T022	22	region_label	0.000931773	0.000262975	0.00215951	0.000216679	0.00230191	122671	100	"[[""none"", 65], [""compositionally biased region:Low complexity+region of interest:Disordered"", 14], [""region of interest:Large ATPase domain (RuvB-L)"", 12], [""region of interest:Disordered"", 8], [""compositionally biased region:Basic residues+region of interest:Disordered"", 1]]"
T022	22	dominant_pfam	0.00275439	0.00282161	0.00464301	0.00268887	0.00504997	122671	100	"[[""PF02685"", 17], [""PF00847"", 13], [""PF05496"", 12], [""PF00005"", 10], [""PF00010"", 8], [""PF00583"", 5], [""PF02556"", 5], [""PF00412"", 4], [""PF00234"", 4], [""PF05025"", 2]]"
T022	22	aa	0.000401436	0.000478725	0.0010559	0.000378674	0.00111658	122671	100	"[[""S"", 18], [""Q"", 17], [""D"", 12], [""E"", 8], [""P"", 8], [""H"", 7], [""L"", 6], [""G"", 4], [""I"", 4], [""V"", 4]]"
T023	23	pfam_family	0.00123508	0.000788263	0.00192892	0.000655703	0.00208065	122671	100	"[[""none"", 86], [""PF05296"", 1], [""PF22811"", 1], [""PF00142"", 1], [""PF01726"", 1], [""PF03668"", 1], [""PF03652"", 1], [""PF02649"", 1], [""PF02635"", 1], [""PF01118"", 1]]"
T023	23	swiss_category	0.00019779	8.909e-05	0.000650805	7.00863e-05	0.000781777	122671	100	"[[""chain"", 69], [""chain+region"", 9], [""chain+topology"", 9], [""topology"", 6], [""chain+domain"", 5], [""chain+secondary_structure"", 1], [""chain+region+topology"", 1]]"
T023	23	swiss_feature_type	0.000248307	0.000169813	0.000741409	0.000111405	0.000779083	122671	100	"[[""chain"", 69], [""chain+region of interest"", 9], [""signal peptide"", 6], [""chain+topological domain"", 5], [""chain+domain"", 4], [""chain+transmembrane region"", 4], [""chain+repeat"", 1], [""chain+strand"", 1], [""chain+region of interest+topological domain"", 1]]"
T023	23	secondary_structure	1.62627e-05	1.41566e-05	7.20671e-05	1.10152e-05	7.24977e-05	122671	100	"[[""none"", 99], [""strand"", 1]]"
T023	23	functional_label	2.17815e-05	1.2807e-05	3.02215e-05	1.20844e-05	3.18556e-05	122671	100	"[[""none"", 100]]"
T023	23	domain_label	0.000172213	8.61927e-05	0.000425728	8.13267e-05	0.000514543	122671	100	"[[""none"", 95], [""repeat:ANK 1"", 1], [""domain:N-acetyltransferase"", 1], [""domain:J"", 1], [""domain:PABS"", 1], [""domain:Ubiquitin-like"", 1]]"
T023	23	ptm_label	1.53138e-05	5.22325e-06	2.41203e-05	5.09931e-06	2.69112e-05	122671	100	"[[""none"", 100]]"
T023	23	topology_label	0.000107432	1.22355e-05	0.000497662	1.2105e-05	0.00050283	122671	100	"[[""none"", 84], [""signal peptide"", 6], [""topological domain"", 6], [""transmembrane region"", 4]]"
T023	23	region_label	0.0001329	2.28828e-05	0.000854976	2.26291e-05	0.00105987	122671	100	"[[""none"", 90], [""region of interest:Disordered"", 8], [""region of interest:Alpha N-terminal domain (alpha-NTD)"", 1], [""region of interest:Framework-1"", 1]]"
T023	23	dominant_pfam	0.00138659	0.0019143	0.00356597	0.00172938	0.00373184	122671	100	"[[""PF03462"", 1], [""PF00134"", 1], [""PF00080"", 1], [""PF00034"", 1], [""PF01668"", 1], [""PF01193"", 1], [""PF00061"", 1], [""PF12796"", 1], [""PF05296"", 1], [""PF00583"", 1]]"
T023	23	aa	0.000913874	0.000676821	0.00173302	0.000562358	0.00181744	122671	100	"[[""R"", 30], [""D"", 18], [""F"", 17], [""E"", 16], [""V"", 11], [""A"", 7], [""I"", 1]]"
T024	24	pfam_family	0.00180157	0.00115054	0.00306717	0.000746585	0.0031571	122671	100	"[[""none"", 41], [""PF00005"", 10], [""PF00154"", 9], [""PF05496"", 9], [""PF02800"", 4], [""PF00142"", 3], [""PF02492"", 2], [""PF00485"", 2], [""PF02580"", 2], [""PF00365"", 2]]"
T024	24	swiss_category	0.000955893	0.000429998	0.00182729	0.000337889	0.00204569	122671	100	"[[""chain"", 32], [""chain+region"", 29], [""chain+functional"", 19], [""chain+domain+functional"", 7], [""chain+topology"", 5], [""chain+functional+region"", 4], [""chain+domain"", 3], [""chain+ptm+region"", 1]]"
T024	24	swiss_feature_type	0.00119983	0.000634283	0.00220565	0.000633368	0.00232839	122671	100	"[[""chain"", 32], [""chain+compositionally biased region+region of interest"", 19], [""binding site+chain"", 18], [""chain+region of interest"", 10], [""binding site+chain+domain"", 7], [""chain+transmembrane region"", 5], [""binding site+chain+region of interest"", 4], [""chain+domain"", 3], [""active site+binding site+chain"", 1], [""chain+compositionally biased region+modified residue+region of interest"", 1]]"
T024	24	secondary_structure	2.44831e-05	1.16153e-05	3.60118e-05	8.12719e-06	3.6263e-05	122671	100	"[[""none"", 100]]"
T024	24	functional_label	0.000528905	7.20886e-05	0.00131376	3.50691e-05	0.00142829	122671	100	"[[""none"", 70], [""binding site"", 29], [""active site:Nucleophile+binding site"", 1]]"
T024	24	domain_label	0.000343024	8.10573e-05	0.000919543	6.86564e-05	0.00108579	122671	100	"[[""none"", 90], [""domain:ABC transporter"", 10]]"
T024	24	ptm_label	2.94525e-05	1.01073e-05	0.000190549	9.65573e-06	0.000191798	122671	100	"[[""none"", 99], [""modified residue"", 1]]"
T024	24	topology_label	2.57261e-05	2.51784e-05	0.000126154	2.41628e-05	0.000131621	122671	100	"[[""none"", 95], [""transmembrane region"", 5]]"
T024	24	region_label	0.00101339	0.000159634	0.00212611	0.000100987	0.00224276	122671	100	"[[""none"", 66], [""compositionally biased region:Low complexity+region of interest:Disordered"", 20], [""region of interest:Large ATPase domain (RuvB-L)"", 9], [""region of interest:Disordered"", 5]]"
T024	24	dominant_pfam	0.00250664	0.00195351	0.0044053	0.00162665	0.00482506	122671	100	"[[""PF00046"", 10], [""PF00005"", 10], [""PF02800"", 9], [""PF00154"", 9], [""PF05496"", 9], [""PF00010"", 7], [""PF00847"", 6], [""PF00076"", 6], [""PF00142"", 3], [""PF02492"", 2]]"
T024	24	aa	0.000408675	0.000498814	0.0011317	0.00048335	0.00119961	122671	100	"[[""S"", 24], [""T"", 16], [""G"", 13], [""A"", 10], [""L"", 9], [""P"", 6], [""K"", 5], [""E"", 4], [""I"", 3], [""C"", 3]]"
T025	25	pfam_family	0.00271389	0.00189007	0.00433273	0.00181339	0.00439608	122671	100	"[[""PF00378"", 17], [""none"", 11], [""PF00069"", 10], [""PF00005"", 10], [""PF12796"", 9], [""PF08241"", 6], [""PF00227"", 5], [""PF01636"", 4], [""PF00126"", 4], [""PF00106"", 3]]"
T025	25	swiss_category	0.000519769	0.000298937	0.00115347	0.000277501	0.00118487	122671	100	"[[""chain"", 38], [""chain+domain"", 27], [""chain+secondary_structure"", 10], [""chain+domain+functional"", 10], [""chain+functional"", 4], [""chain+topology"", 3], [""chain+region"", 3], [""chain+domain+secondary_structure"", 2], [""chain+functional+secondary_structure"", 1], [""chain+domain+functional+secondary_structure"", 1]]"
T025	25	swiss_feature_type	0.000879709	0.000498204	0.00219916	0.000325023	0.00294916	122671	100	"[[""chain"", 38], [""chain+domain"", 16], [""chain+repeat"", 11], [""chain+strand"", 9], [""binding site+chain+domain"", 9], [""binding site+chain"", 4], [""chain+topological domain"", 3], [""chain+compositionally biased region+region of interest"", 3], [""chain+domain+helix"", 2], [""binding site+chain+helix"", 1]]"
T025	25	secondary_structure	0.00012332	1.84129e-05	0.000691444	1.43164e-05	0.000692556	122671	100	"[[""none"", 86], [""strand"", 9], [""helix"", 5]]"
T025	25	functional_label	0.000184777	1.29122e-05	0.000585052	1.12443e-05	0.000633183	122671	100	"[[""none"", 84], [""binding site"", 15], [""active site:Proton acceptor"", 1]]"
T025	25	domain_label	0.00114764	0.000275155	0.00257107	9.16916e-05	0.00265087	122671	100	"[[""none"", 59], [""domain:Protein kinase"", 10], [""domain:ABC transporter"", 10], [""domain:HTH lysR-type"", 4], [""repeat:ANK 7"", 3], [""repeat:ANK 6"", 3], [""domain:Response regulatory"", 3], [""repeat:ANK 8"", 2], [""domain:Guanylate kinase-like"", 2], [""repeat:ANK 3"", 2]]"
T025	25	ptm_label	5.76054e-05	1.0312e-05	0.00037271	9.92105e-06	0.000373727	122671	100	"[[""none"", 99], [""cross-link"", 1]]"
T025	25	topology_label	4.32366e-05	4.25888e-05	0.000119086	4.15748e-05	0.000122294	122671	100	"[[""none"", 97], [""topological domain"", 3]]"
T025	25	region_label	7.32396e-05	1.62649e-05	0.000233101	1.47289e-05	0.000356164	122671	100	"[[""none"", 97], [""compositionally biased region:Polar residues+region of interest:Disordered"", 3]]"
T025	25	dominant_pfam	0.00279663	0.00212643	0.00426459	0.00210272	0.00433862	122671	100	"[[""PF00378"", 17], [""PF00069"", 13], [""PF12796"", 12], [""PF00005"", 10], [""PF08241"", 6], [""PF00227"", 5], [""PF01636"", 4], [""PF03466"", 4], [""PF00096"", 3], [""PF00106"", 3]]"
T025	25	aa	0.000124184	0.000382498	0.000951094	0.000362461	0.00101272	122671	100	"[[""G"", 17], [""A"", 10], [""D"", 9], [""P"", 8], [""K"", 6], [""S"", 5], [""I"", 5], [""E"", 5], [""N"", 5], [""T"", 4]]"
T026	26	pfam_family	0.00255201	0.00171531	0.00423146	0.00157533	0.00424068	122671	100	"[[""PF01450"", 12], [""PF01339"", 10], [""none"", 8], [""PF03725"", 5], [""PF01975"", 4], [""PF01795"", 4], [""PF00334"", 4], [""PF00059"", 4], [""PF21244"", 4], [""PF02091"", 4]]"
T026	26	swiss_category	0.000316573	0.000194294	0.000816436	0.000143906	0.000929811	122671	100	"[[""chain"", 57], [""chain+domain"", 28], [""chain+domain+functional"", 6], [""chain+functional"", 4], [""chain+domain+ptm+topology"", 2], [""chain+domain+topology"", 2], [""chain+topology"", 1]]"
T026	26	swiss_feature_type	0.000426457	0.000175883	0.00104931	0.000146118	0.00126878	122671	100	"[[""chain"", 57], [""chain+domain"", 28], [""DNA-binding region+chain+domain"", 5], [""binding site+chain"", 3], [""chain+disulfide bond+domain+topological domain"", 2], [""chain+domain+topological domain"", 2], [""active site+chain"", 1], [""chain+topological domain"", 1], [""active site+chain+domain"", 1]]"
T026	26	secondary_structure	2.44831e-05	1.2583e-05	3.2953e-05	9.76607e-06	3.49142e-05	122671	100	"[[""none"", 100]]"
T026	26	functional_label	0.000180041	1.12162e-05	0.000710897	1.06915e-05	0.000717934	122671	100	"[[""none"", 90], [""DNA-binding region:H-T-H motif"", 5], [""binding site"", 3], [""active site:Proton acceptor; for ring-opening step"", 1], [""active site"", 1]]"
T026	26	domain_label	0.00103894	0.000381819	0.00254083	0.000360706	0.00265251	122671	100	"[[""none"", 62], [""domain:KARI C-terminal knotted"", 12], [""domain:CheB-type methylesterase"", 10], [""domain:C-type lectin"", 4], [""domain:Radical SAM core"", 4], [""domain:HTH lysR-type"", 3], [""domain:HTH rrf2-type"", 2], [""domain:MGS-like"", 1], [""domain:BPL/LPL catalytic"", 1], [""domain:SIS"", 1]]"
T026	26	ptm_label	9.16159e-07	1.04661e-05	0.000120658	8.32219e-06	0.000219795	122671	100	"[[""none"", 98], [""disulfide bond"", 2]]"
T026	26	topology_label	4.92103e-05	4.73203e-05	0.000192468	4.64496e-05	0.000211818	122671	100	"[[""none"", 95], [""topological domain"", 5]]"
T026	26	region_label	3.25035e-05	2.20625e-05	5.2339e-05	2.1921e-05	5.41216e-05	122671	100	"[[""none"", 100]]"
T026	26	dominant_pfam	0.00233594	0.0020478	0.00406094	0.00204578	0.00440317	122671	100	"[[""PF07991"", 12], [""PF01339"", 10], [""PF00378"", 5], [""PF01138"", 5], [""PF01975"", 4], [""PF01795"", 4], [""PF00334"", 4], [""PF00059"", 4], [""PF02222"", 4], [""PF02091"", 4]]"
T026	26	aa	0.000150284	0.000333919	0.000804326	0.000332436	0.000816743	122671	100	"[[""V"", 14], [""L"", 12], [""G"", 11], [""I"", 8], [""R"", 8], [""D"", 7], [""M"", 7], [""A"", 5], [""H"", 4], [""K"", 4]]"
T027	27	pfam_family	0.00254518	0.00190911	0.00436867	0.00184288	0.00461247	122671	100	"[[""PF02797"", 21], [""none"", 17], [""PF02803"", 10], [""PF08541"", 7], [""PF03331"", 5], [""PF02091"", 5], [""PF00929"", 4], [""PF02556"", 3], [""PF00412"", 3], [""PF01442"", 3]]"
T027	27	swiss_category	0.000113977	0.000120819	0.00030918	0.000118338	0.000319882	122671	100	"[[""chain"", 82], [""chain+domain"", 9], [""chain+secondary_structure"", 4], [""chain+domain+functional"", 2], [""chain+topology"", 2], [""chain+ptm"", 1]]"
T027	27	swiss_feature_type	0.000227337	0.000177524	0.000793176	0.000166057	0.000880406	122671	100	"[[""chain"", 82], [""chain+domain"", 5], [""chain+repeat"", 4], [""chain+coiled-coil region"", 3], [""binding site+chain+domain"", 2], [""chain+topological domain"", 2], [""chain+strand"", 1], [""chain+disulfide bond"", 1]]"
T027	27	secondary_structure	5.79843e-05	1.55522e-05	0.000298342	1.48644e-05	0.000318681	122671	100	"[[""none"", 96], [""coiled-coil region"", 3], [""strand"", 1]]"
T027	27	functional_label	6.40957e-06	1.65321e-05	3.99695e-05	1.59061e-05	4.09295e-05	122671	100	"[[""none"", 98], [""binding site"", 2]]"
T027	27	domain_label	0.00034892	0.000122638	0.000775785	0.000111086	0.00104445	122671	100	"[[""none"", 89], [""domain:Exonuclease"", 4], [""domain:LIM zinc-binding 2"", 3], [""repeat:Solcar 3"", 2], [""repeat:ANK 7"", 2]]"
T027	27	ptm_label	2.42141e-06	8.48464e-06	4.08671e-05	6.13028e-06	4.41354e-05	122671	100	"[[""none"", 99], [""disulfide bond"", 1]]"
T027	27	topology_label	4.418e-05	4.70928e-05	8.46176e-05	4.4851e-05	8.56642e-05	122671	100	"[[""none"", 98], [""topological domain"", 2]]"
T027	27	region_label	3.25035e-05	1.51809e-05	4.53196e-05	1.08165e-05	4.63843e-05	122671	100	"[[""none"", 100]]"
T027	27	dominant_pfam	0.00275651	0.00203296	0.00450065	0.0018251	0.00451955	122671	100	"[[""PF00195"", 21], [""PF08541"", 21], [""PF00108"", 12], [""PF03331"", 5], [""PF02091"", 5], [""PF00929"", 4], [""PF02556"", 3], [""PF00412"", 3], [""PF01442"", 3], [""PF13377"", 3]]"
T027	27	aa	0.000105534	0.000320894	0.000866224	0.000309677	0.000869406	122671	100	"[[""D"", 12], [""L"", 12], [""A"", 11], [""V"", 10], [""S"", 8], [""I"", 7], [""G"", 7], [""E"", 7], [""F"", 5], [""N"", 4]]"
T028	28	pfam_family	0.00287676	0.0018904	0.00475204	0.00184791	0.0048311	122671	100	"[[""PF02685"", 33], [""PF00005"", 29], [""none"", 27], [""PF00579"", 3], [""PF00885"", 1], [""PF02556"", 1], [""PF08543"", 1], [""PF02790"", 1], [""PF00033"", 1], [""PF02673"", 1]]"
T028	28	swiss_category	0.000371595	0.000136203	0.000957949	0.000120828	0.000998975	122671	100	"[[""chain"", 49], [""chain+domain"", 44], [""chain+topology"", 4], [""chain+functional"", 2], [""chain+region+topology"", 1]]"
T028	28	swiss_feature_type	0.000416477	0.000104216	0.000901047	9.63161e-05	0.00091172	122671	100	"[[""chain"", 49], [""chain+domain"", 44], [""chain+transmembrane region"", 3], [""binding site+chain"", 2], [""chain+region of interest+transmembrane region"", 1], [""chain+topological domain"", 1]]"
T028	28	secondary_structure	2.44831e-05	1.61052e-05	3.46183e-05	1.43188e-05	3.77106e-05	122671	100	"[[""none"", 100]]"
T028	28	functional_label	6.40957e-06	1.41334e-05	0.000145524	1.35518e-05	0.000179536	122671	100	"[[""none"", 98], [""binding site"", 2]]"
T028	28	domain_label	0.00177077	0.000984047	0.0027714	0.000964581	0.00277667	122671	100	"[[""none"", 56], [""domain:ABC transporter"", 44]]"
T028	28	ptm_label	1.53138e-05	9.70356e-06	2.13639e-05	9.28963e-06	2.16568e-05	122671	100	"[[""none"", 100]]"
T028	28	topology_label	1.0019e-05	1.60079e-05	0.000113651	1.29128e-05	0.000157556	122671	100	"[[""none"", 95], [""transmembrane region"", 4], [""topological domain"", 1]]"
T028	28	region_label	3.74799e-05	2.16528e-05	0.000160348	1.88049e-05	0.000169901	122671	100	"[[""none"", 99], [""region of interest:Cytochrome c oxidase subunit II"", 1]]"
T028	28	dominant_pfam	0.00398308	0.00258716	0.00685109	0.00255638	0.00699499	122671	100	"[[""PF00005"", 53], [""PF02685"", 33], [""PF00579"", 3], [""PF02527"", 3], [""PF00885"", 1], [""PF02556"", 1], [""PF08543"", 1], [""PF00034"", 1], [""PF00033"", 1], [""PF02673"", 1]]"
T028	28	aa	5.79995e-05	0.00038575	0.000826756	0.00034066	0.000845414	122671	100	"[[""L"", 11], [""A"", 8], [""V"", 8], [""K"", 7], [""G"", 7], [""D"", 7], [""N"", 7], [""F"", 6], [""P"", 5], [""T"", 5]]"
T029	29	pfam_family	0.00303907	0.00214783	0.00436725	0.00201953	0.00443807	122671	100	"[[""PF00071"", 28], [""none"", 20], [""PF00076"", 15], [""PF00069"", 10], [""PF00025"", 8], [""PF00503"", 7], [""PF00319"", 4], [""PF00046"", 3], [""PF00034"", 2], [""PF02790"", 1]]"
T029	29	swiss_category	0.000512394	0.000237008	0.00118316	0.000187271	0.00120487	122671	100	"[[""chain"", 46], [""chain+domain"", 33], [""chain+domain+secondary_structure"", 10], [""chain+functional"", 4], [""chain+functional+region"", 3], [""chain+domain+topology"", 2], [""chain+region+topology"", 1], [""chain+topology"", 1]]"
T029	29	swiss_feature_type	0.000626177	0.000263242	0.00147316	0.000182186	0.00167559	122671	100	"[[""chain"", 46], [""chain+domain"", 33], [""chain+domain+helix"", 7], [""binding site+chain"", 4], [""chain+domain+strand"", 3], [""DNA-binding region+chain+region of interest"", 3], [""chain+domain+topological domain"", 2], [""chain+region of interest+transmembrane region"", 1], [""chain+topological domain"", 1]]"
T029	29	secondary_structure	5.47195e-05	1.58869e-05	0.000385325	1.5426e-05	0.000496387	122671	100	"[[""none"", 90], [""helix"", 7], [""strand"", 3]]"
T029	29	functional_label	7.42683e-05	1.45391e-05	0.000329768	1.44572e-05	0.000581014	122671	100	"[[""none"", 93], [""binding site"", 4], [""DNA-binding region:Homeobox"", 3]]"
T029	29	domain_label	0.00157069	0.000846565	0.00303771	0.000693046	0.00313517	122671	100	"[[""none"", 55], [""domain:RRM"", 22], [""domain:Protein kinase"", 10], [""domain:G-alpha"", 7], [""domain:MADS-box"", 4], [""domain:Cytochrome c"", 2]]"
T029	29	ptm_label	1.53138e-05	7.96174e-06	2.04321e-05	6.97876e-06	2.10216e-05	122671	100	"[[""none"", 100]]"
T029	29	topology_label	2.21113e-05	1.30705e-05	0.000141509	1.27056e-05	0.000185835	122671	100	"[[""none"", 96], [""topological domain"", 3], [""transmembrane region"", 1]]"
T029	29	region_label	3.91843e-05	2.38813e-05	0.000342013	2.11926e-05	0.000364899	122671	100	"[[""none"", 96], [""region of interest:Disordered"", 3], [""region of interest:Cytochrome c oxidase subunit II"", 1]]"
T029	29	dominant_pfam	0.00370906	0.00240749	0.00682533	0.0020207	0.00802406	122671	100	"[[""PF00076"", 35], [""PF00071"", 28], [""PF00069"", 10], [""PF00025"", 8], [""PF00503"", 7], [""PF01486"", 4], [""PF00034"", 3], [""PF00046"", 3], [""PF00365"", 1], [""PF00116"", 1]]"
T029	29	aa	0.000141749	0.000397096	0.000865397	0.000363244	0.000869081	122671	100	"[[""E"", 11], [""K"", 11], [""R"", 10], [""S"", 9], [""N"", 8], [""I"", 7], [""V"", 7], [""D"", 6], [""L"", 6], [""G"", 5]]"
T030	30	pfam_family	0.00403366	0.00247492	0.00589052	0.00218815	0.00603655	122671	100	"[[""PF02107"", 56], [""PF02119"", 21], [""PF00578"", 9], [""none"", 3], [""PF04507"", 3], [""PF00025"", 2], [""PF01668"", 1], [""PF01888"", 1], [""PF00453"", 1], [""PF14693"", 1]]"
T030	30	swiss_category	0.000157858	0.000129119	0.000270171	0.00012069	0.000293869	122671	100	"[[""chain"", 88], [""chain+domain"", 12]]"
T030	30	swiss_feature_type	0.000165223	0.000122925	0.000260413	0.000120827	0.000261544	122671	100	"[[""chain"", 88], [""chain+domain"", 12]]"
T030	30	secondary_structure	2.44831e-05	1.55694e-05	3.69026e-05	1.29783e-05	3.92936e-05	122671	100	"[[""none"", 100]]"
T030	30	functional_label	2.17815e-05	8.99988e-06	3.22958e-05	8.49344e-06	4.0688e-05	122671	100	"[[""none"", 100]]"
T030	30	domain_label	0.000335721	0.000100421	0.000851222	7.2415e-05	0.000946803	122671	100	"[[""none"", 88], [""domain:Thioredoxin"", 9], [""domain:RRM"", 1], [""domain:HTH myb-type 2"", 1], [""domain:G-alpha"", 1]]"
T030	30	ptm_label	1.53138e-05	8.94883e-06	2.09191e-05	8.77057e-06	2.24944e-05	122671	100	"[[""none"", 100]]"
T030	30	topology_label	6.61551e-05	4.51181e-05	0.000102227	4.44084e-05	0.000108183	122671	100	"[[""none"", 100]]"
T030	30	region_label	3.25035e-05	2.31402e-05	4.58743e-05	1.99412e-05	4.74726e-05	122671	100	"[[""none"", 100]]"
T030	30	dominant_pfam	0.00392263	0.00265293	0.00633187	0.00189505	0.00634846	122671	100	"[[""PF02107"", 56], [""PF02119"", 21], [""PF00578"", 9], [""PF04507"", 3], [""PF00025"", 2], [""PF01668"", 1], [""PF01888"", 1], [""PF00453"", 1], [""PF12838"", 1], [""PF00849"", 1]]"
T030	30	aa	0.000135997	0.000352395	0.000867633	0.000282341	0.000887367	122671	100	"[[""V"", 12], [""K"", 10], [""F"", 8], [""R"", 8], [""A"", 8], [""S"", 7], [""T"", 6], [""N"", 6], [""Y"", 5], [""P"", 5]]"
T031	31	pfam_family	0.00180967	0.00115096	0.00316612	0.000790533	0.00320218	122671	100	"[[""none"", 71], [""PF02173"", 14], [""PF00181"", 6], [""PF00338"", 2], [""PF00682"", 2], [""PF05491"", 1], [""PF04107"", 1], [""PF00163"", 1], [""PF00149"", 1], [""PF02548"", 1]]"
T031	31	swiss_category	0.00175525	0.000791928	0.00275093	0.000770324	0.00327266	122671	100	"[[""chain+region"", 55], [""chain"", 24], [""chain+domain+region"", 15], [""none"", 4], [""chain+domain"", 2]]"
T031	31	swiss_feature_type	0.00191253	0.00112342	0.0032619	0.000942828	0.0033363	122671	100	"[[""chain+compositionally biased region+region of interest"", 31], [""chain"", 24], [""chain+region of interest"", 24], [""chain+domain+region of interest"", 15], [""none"", 4], [""chain+domain"", 2]]"
T031	31	secondary_structure	2.44831e-05	1.48019e-05	3.57758e-05	1.46525e-05	3.63335e-05	122671	100	"[[""none"", 100]]"
T031	31	functional_label	2.17815e-05	1.0754e-05	2.98767e-05	8.57292e-06	3.17867e-05	122671	100	"[[""none"", 100]]"
T031	31	domain_label	0.000718797	0.000168955	0.00180231	8.91431e-05	0.00197756	122671	100	"[[""none"", 83], [""domain:KID"", 15], [""domain:Pyruvate carboxyltransferase"", 2]]"
T031	31	ptm_label	1.53138e-05	8.95606e-06	2.42339e-05	8.14843e-06	2.55473e-05	122671	100	"[[""none"", 100]]"
T031	31	topology_label	6.61551e-05	3.75359e-05	8.92146e-05	3.37255e-05	8.97308e-05	122671	100	"[[""none"", 100]]"
T031	31	region_label	0.0021685	0.00115198	0.00338494	0.00102367	0.00351064	122671	100	"[[""region of interest:Disordered"", 38], [""none"", 30], [""compositionally biased region:Low complexity+region of interest:Disordered"", 13], [""compositionally biased region:Acidic residues+region of interest:Disordered"", 12], [""compositionally biased region:Basic and acidic residues+region of interest:Disordered"", 6], [""region of interest:Head domain (RuvB-H)"", 1]]"
T031	31	dominant_pfam	0.00300457	0.00214744	0.00439086	0.00210533	0.00441046	122671	100	"[[""PF04472"", 28], [""PF00170"", 15], [""PF00847"", 10], [""PF03947"", 6], [""PF00046"", 6], [""PF01208"", 4], [""PF01782"", 4], [""PF00134"", 4], [""PF00010"", 3], [""PF00076"", 3]]"
T031	31	aa	0.000370544	0.000398721	0.0013	0.000390423	0.00137088	122671	100	"[[""S"", 27], [""P"", 11], [""A"", 9], [""D"", 8], [""R"", 7], [""T"", 7], [""G"", 6], [""E"", 6], [""Q"", 4], [""K"", 4]]"
T032	32	pfam_family	0.00272372	0.00178189	0.00448538	0.00163287	0.00452345	122671	100	"[[""PF02685"", 33], [""none"", 28], [""PF00005"", 21], [""PF01888"", 3], [""PF04345"", 3], [""PF13793"", 3], [""PF03725"", 3], [""PF01728"", 3], [""PF01264"", 1], [""PF00881"", 1]]"
T032	32	swiss_category	0.00030865	0.00012878	0.000599166	0.000123313	0.000693432	122671	100	"[[""chain"", 64], [""chain+domain"", 36]]"
T032	32	swiss_feature_type	0.000327871	0.00015297	0.000853963	0.000122279	0.000869643	122671	100	"[[""chain"", 64], [""chain+domain"", 36]]"
T032	32	secondary_structure	2.44831e-05	1.50593e-05	3.23346e-05	1.42025e-05	3.3652e-05	122671	100	"[[""none"", 100]]"
T032	32	functional_label	2.17815e-05	1.17706e-05	3.09079e-05	1.12463e-05	3.129e-05	122671	100	"[[""none"", 100]]"
T032	32	domain_label	0.00138811	0.00037334	0.00200616	0.000243783	0.00222097	122671	100	"[[""none"", 64], [""domain:ABC transporter"", 36]]"
T032	32	ptm_label	1.53138e-05	1.0017e-05	2.40874e-05	9.53573e-06	2.42829e-05	122671	100	"[[""none"", 100]]"
T032	32	topology_label	6.61551e-05	4.39012e-05	9.49608e-05	3.48597e-05	0.000105089	122671	100	"[[""none"", 100]]"
T032	32	region_label	3.25035e-05	2.16513e-05	4.66145e-05	1.88608e-05	4.7386e-05	122671	100	"[[""none"", 100]]"
T032	32	dominant_pfam	0.00379465	0.00258169	0.00581861	0.00253992	0.00603491	122671	100	"[[""PF00005"", 45], [""PF02685"", 33], [""PF00881"", 3], [""PF01888"", 3], [""PF04345"", 3], [""PF14681"", 3], [""PF13793"", 3], [""PF01138"", 3], [""PF01728"", 3], [""PF01264"", 1]]"
T032	32	aa	8.90221e-05	0.000322217	0.000792724	0.000317365	0.000840294	122671	100	"[[""E"", 11], [""G"", 11], [""P"", 9], [""V"", 7], [""L"", 7], [""N"", 6], [""K"", 6], [""S"", 5], [""R"", 5], [""I"", 5]]"
T033	33	pfam_family	0.00191652	0.00155481	0.00395273	0.00132857	0.00454529	122671	100	"[[""none"", 32], [""PF02685"", 12], [""PF00847"", 7], [""PF05194"", 6], [""PF01218"", 5], [""PF00252"", 3], [""PF08543"", 3], [""PF01521"", 3], [""PF07972"", 3], [""PF01018"", 2]]"
T033	33	swiss_category	0.000263282	0.000138625	0.000916367	0.000124413	0.000936911	122671	100	"[[""chain"", 58], [""chain+region"", 18], [""chain+functional"", 10], [""chain+domain"", 7], [""chain+topology"", 3], [""chain+domain+secondary_structure"", 1], [""chain+domain+functional"", 1], [""chain+secondary_structure"", 1], [""chain+ptm"", 1]]"
T033	33	swiss_feature_type	0.000392032	0.000222665	0.00117206	0.000220552	0.00130113	122671	100	"[[""chain"", 58], [""chain+region of interest"", 11], [""DNA-binding region+chain"", 7], [""chain+compositionally biased region+region of interest"", 7], [""chain+domain"", 6], [""chain+topological domain"", 3], [""binding site+chain"", 3], [""chain+domain+strand"", 1], [""chain+repeat"", 1], [""binding site+chain+domain"", 1]]"
T033	33	secondary_structure	3.92684e-06	1.13238e-05	0.000100154	1.09393e-05	0.000119905	122671	100	"[[""none"", 98], [""strand"", 1], [""helix"", 1]]"
T033	33	functional_label	0.000241682	1.52969e-05	0.000933427	1.38873e-05	0.00124235	122671	100	"[[""none"", 89], [""DNA-binding region:AP2/ERF"", 7], [""binding site"", 4]]"
T033	33	domain_label	0.000197976	4.94307e-05	0.000564526	4.25981e-05	0.000575746	122671	100	"[[""none"", 91], [""domain:Obg"", 2], [""domain:Protein kinase"", 2], [""domain:ATP-grasp"", 1], [""domain:Ubiquitin-like"", 1], [""domain:PPIase cyclophilin-type"", 1], [""domain:KARI N-terminal Rossmann"", 1], [""repeat:WD 4"", 1]]"
T033	33	ptm_label	2.42141e-06	9.19166e-06	2.97785e-05	8.09229e-06	3.83493e-05	122671	100	"[[""none"", 99], [""disulfide bond"", 1]]"
T033	33	topology_label	4.32366e-05	5.0751e-05	0.000100258	5.01337e-05	0.000107422	122671	100	"[[""none"", 97], [""topological domain"", 3]]"
T033	33	region_label	0.000328215	5.93766e-05	0.00101153	2.93609e-05	0.00104149	122671	100	"[[""none"", 82], [""region of interest:Disordered"", 11], [""compositionally biased region:Basic residues+region of interest:Disordered"", 5], [""compositionally biased region:Gly residues+region of interest:Disordered"", 1], [""compositionally biased region:Basic and acidic residues+region of interest:Disordered"", 1]]"
T033	33	dominant_pfam	0.00223909	0.00168247	0.00423706	0.0016028	0.0047588	122671	100	"[[""PF02685"", 12], [""PF05194"", 8], [""PF00847"", 7], [""PF01218"", 5], [""PF01556"", 4], [""PF13639"", 4], [""PF00252"", 3], [""PF02390"", 3], [""PF04535"", 3], [""PF08543"", 3]]"
T033	33	aa	0.000836023	0.000749187	0.00159498	0.000720669	0.00163918	122671	100	"[[""G"", 53], [""H"", 10], [""L"", 6], [""P"", 6], [""V"", 4], [""S"", 4], [""F"", 3], [""I"", 3], [""W"", 2], [""C"", 2]]"
T034	34	pfam_family	0.00242615	0.00176295	0.00468038	0.00157217	0.00472335	122671	100	"[[""PF00033"", 34], [""none"", 33], [""PF00009"", 9], [""PF02223"", 3], [""PF08543"", 3], [""PF01202"", 2], [""PF01888"", 2], [""PF02635"", 2], [""PF04507"", 2], [""PF05194"", 2]]"
T034	34	swiss_category	0.000593063	0.000296871	0.00159952	0.000291803	0.00180807	122671	100	"[[""chain"", 43], [""chain+region"", 20], [""chain+topology"", 19], [""chain+domain"", 7], [""region+topology"", 4], [""chain+domain+region"", 4], [""topology"", 1], [""none"", 1], [""chain+functional+topology"", 1]]"
T034	34	swiss_feature_type	0.000824069	0.000429731	0.00176984	0.000269748	0.00205043	122671	100	"[[""chain"", 43], [""chain+transmembrane region"", 18], [""chain+compositionally biased region+region of interest"", 17], [""chain+domain"", 7], [""region of interest+transit peptide"", 4], [""chain+domain+region of interest"", 4], [""chain+region of interest"", 3], [""transit peptide"", 1], [""chain+topological domain"", 1], [""none"", 1]]"
T034	34	secondary_structure	2.44831e-05	1.16375e-05	3.81217e-05	8.2449e-06	3.82061e-05	122671	100	"[[""none"", 100]]"
T034	34	functional_label	5.0208e-05	1.11796e-05	0.000315073	1.02736e-05	0.000317615	122671	100	"[[""none"", 99], [""binding site:axial binding residue"", 1]]"
T034	34	domain_label	0.000337719	7.58332e-05	0.000964062	6.50028e-05	0.00104299	122671	100	"[[""none"", 89], [""domain:tr-type G"", 9], [""domain:CP-type G"", 1], [""domain:G-alpha"", 1]]"
T034	34	ptm_label	1.53138e-05	9.36976e-06	2.29764e-05	8.14423e-06	2.30255e-05	122671	100	"[[""none"", 100]]"
T034	34	topology_label	0.000257306	2.82926e-05	0.000749629	2.80117e-05	0.000752787	122671	100	"[[""none"", 75], [""transmembrane region"", 19], [""transit peptide"", 5], [""topological domain"", 1]]"
T034	34	region_label	0.000801531	0.000173564	0.00146016	9.14039e-05	0.00146602	122671	100	"[[""none"", 72], [""compositionally biased region:Low complexity+region of interest:Disordered"", 15], [""region of interest:Disordered"", 7], [""region of interest:G2"", 4], [""compositionally biased region:Basic residues+region of interest:Disordered"", 2]]"
T034	34	dominant_pfam	0.00283422	0.00262382	0.00466231	0.00261283	0.00474281	122671	100	"[[""PF00033"", 34], [""PF00847"", 10], [""PF00009"", 9], [""PF00010"", 7], [""PF12697"", 5], [""PF02223"", 3], [""PF04507"", 3], [""PF00583"", 3], [""PF08543"", 3], [""PF01202"", 2]]"
T034	34	aa	0.000262745	0.000419954	0.00102166	0.000380422	0.00105299	122671	100	"[[""S"", 25], [""L"", 12], [""G"", 8], [""A"", 7], [""I"", 6], [""T"", 5], [""H"", 5], [""M"", 4], [""K"", 4], [""D"", 4]]"
T035	35	pfam_family	0.00163222	0.00105755	0.00347592	0.000983933	0.00355387	122671	100	"[[""none"", 53], [""PF01015"", 7], [""PF00453"", 6], [""PF01709"", 4], [""PF00009"", 4], [""PF00043"", 4], [""PF00480"", 4], [""PF02504"", 2], [""PF03946"", 2], [""PF00080"", 2]]"
T035	35	swiss_category	0.000865769	0.000360627	0.00185103	0.000341766	0.00193555	122671	100	"[[""chain"", 40], [""chain+region"", 39], [""chain+domain"", 7], [""region+topology"", 3], [""topology"", 3], [""chain+domain+secondary_structure"", 2], [""chain+region+secondary_structure"", 2], [""chain+functional+region"", 2], [""chain+ptm+region"", 1], [""chain+topology"", 1]]"
T035	35	swiss_feature_type	0.00102191	0.000432743	0.00230955	0.000428639	0.00260646	122671	100	"[[""chain"", 40], [""chain+region of interest"", 28], [""chain+compositionally biased region+region of interest"", 11], [""chain+domain"", 7], [""region of interest+transit peptide"", 3], [""transit peptide"", 3], [""chain+domain+helix"", 2], [""chain+region of interest+strand"", 2], [""DNA-binding region+chain+region of interest"", 2], [""chain+modified residue+region of interest"", 1]]"
T035	35	secondary_structure	6.31627e-06	1.59357e-05	0.000205336	1.49204e-05	0.000238375	122671	100	"[[""none"", 96], [""helix"", 2], [""strand"", 2]]"
T035	35	functional_label	5.45302e-05	1.23963e-05	0.000445123	1.20207e-05	0.00045122	122671	100	"[[""none"", 98], [""DNA-binding region:Homeobox"", 2]]"
T035	35	domain_label	0.000272143	6.45209e-05	0.000684746	6.12547e-05	0.000862159	122671	100	"[[""none"", 91], [""domain:tr-type G"", 4], [""domain:GST C-terminal"", 4], [""domain:KARI N-terminal Rossmann"", 1]]"
T035	35	ptm_label	2.94525e-05	1.04124e-05	0.000278092	9.18695e-06	0.000407163	122671	100	"[[""none"", 99], [""modified residue"", 1]]"
T035	35	topology_label	0.000217351	4.23472e-05	0.000768059	3.69901e-05	0.000772029	122671	100	"[[""none"", 93], [""transit peptide"", 6], [""topological domain"", 1]]"
T035	35	region_label	0.0010867	0.000471961	0.0021834	0.000464357	0.00230436	122671	100	"[[""none"", 53], [""region of interest:Disordered"", 36], [""compositionally biased region:Basic residues+region of interest:Disordered"", 4], [""compositionally biased region:Low complexity+region of interest:Disordered"", 4], [""compositionally biased region:Basic and acidic residues+region of interest:Disordered"", 2], [""compositionally biased region:Polar residues+region of interest:Disordered"", 1]]"
T035	35	dominant_pfam	0.00254498	0.00186536	0.00451374	0.00183049	0.00472525	122671	100	"[[""PF00125"", 12], [""PF01015"", 8], [""PF12697"", 6], [""PF00752"", 6], [""PF00828"", 6], [""PF00416"", 6], [""PF00453"", 6], [""PF02628"", 4], [""PF01709"", 4], [""PF00009"", 4]]"
T035	35	aa	0.000296763	0.000450897	0.000968739	0.000448891	0.000970633	122671	100	"[[""A"", 20], [""K"", 15], [""P"", 13], [""R"", 10], [""G"", 8], [""L"", 7], [""E"", 7], [""D"", 4], [""S"", 4], [""T"", 3]]"
T036	36	pfam_family	0.00149824	0.000995066	0.00252194	0.000974858	0.00252359	122671	100	"[[""none"", 77], [""PF00847"", 6], [""PF22811"", 3], [""PF00249"", 3], [""PF04535"", 3], [""PF00252"", 2], [""PF00886"", 1], [""PF03033"", 1], [""PF02223"", 1], [""PF02773"", 1]]"
T036	36	swiss_category	0.000370332	0.000187086	0.00101484	0.000161001	0.00109307	122671	100	"[[""chain"", 62], [""chain+region"", 25], [""chain+functional"", 6], [""chain+domain"", 3], [""chain+topology"", 3], [""topology"", 1]]"
T036	36	swiss_feature_type	0.000495851	0.000176102	0.00145984	0.000148698	0.00169188	122671	100	"[[""chain"", 62], [""chain+region of interest"", 18], [""chain+compositionally biased region+region of interest"", 7], [""DNA-binding region+chain"", 6], [""chain+domain"", 3], [""chain+transmembrane region"", 3], [""transit peptide"", 1]]"
T036	36	secondary_structure	2.44831e-05	1.37551e-05	3.48378e-05	1.15609e-05	3.70188e-05	122671	100	"[[""none"", 100]]"
T036	36	functional_label	0.000206676	1.41038e-05	0.000699325	1.35802e-05	0.000704978	122671	100	"[[""none"", 94], [""DNA-binding region:AP2/ERF"", 6]]"
T036	36	domain_label	0.000186637	6.86501e-05	0.000560172	6.69054e-05	0.000575733	122671	100	"[[""none"", 97], [""domain:HTH myb-type 1"", 3]]"
T036	36	ptm_label	1.53138e-05	8.73787e-06	2.38316e-05	7.57751e-06	2.40747e-05	122671	100	"[[""none"", 100]]"
T036	36	topology_label	4.22381e-05	2.52126e-05	0.000237963	2.51893e-05	0.000247835	122671	100	"[[""none"", 96], [""transmembrane region"", 3], [""transit peptide"", 1]]"
T036	36	region_label	0.000516456	8.22141e-05	0.00102305	8.18234e-05	0.00106009	122671	100	"[[""none"", 75], [""region of interest:Disordered"", 18], [""compositionally biased region:Basic residues+region of interest:Disordered"", 5], [""compositionally biased region:Acidic residues+region of interest:Disordered"", 2]]"
T036	36	dominant_pfam	0.00348535	0.00241311	0.00496653	0.00211047	0.00502795	122671	100	"[[""PF02686"", 41], [""PF00134"", 19], [""PF05958"", 6], [""PF00046"", 6], [""PF00847"", 6], [""PF03477"", 3], [""PF00828"", 3], [""PF00249"", 3], [""PF04535"", 3], [""PF04472"", 2]]"
T036	36	aa	0.000215794	0.000419129	0.000813265	0.00039872	0.000854256	122671	100	"[[""G"", 13], [""P"", 13], [""S"", 12], [""R"", 12], [""V"", 8], [""K"", 7], [""A"", 7], [""E"", 5], [""T"", 5], [""L"", 5]]"
T037	37	pfam_family	0.00242175	0.00183868	0.00404988	0.00131483	0.00413756	122671	100	"[[""PF02685"", 24], [""none"", 10], [""PF00146"", 6], [""PF01040"", 4], [""PF00692"", 4], [""PF00430"", 3], [""PF00849"", 3], [""PF01255"", 3], [""PF04166"", 3], [""PF00410"", 3]]"
T037	37	swiss_category	0.000230083	0.000119641	0.000482596	0.000113599	0.000532965	122671	100	"[[""chain"", 78], [""chain+topology"", 17], [""chain+domain+topology"", 2], [""chain+region+topology"", 2], [""chain+domain"", 1]]"
T037	37	swiss_feature_type	0.000315767	0.000111781	0.000759946	8.66613e-05	0.00078784	122671	100	"[[""chain"", 78], [""chain+transmembrane region"", 15], [""chain+domain+transmembrane region"", 2], [""chain+region of interest+transmembrane region"", 2], [""chain+domain"", 1], [""chain+topological domain"", 1], [""chain+intramembrane region"", 1]]"
T037	37	secondary_structure	2.44831e-05	1.59209e-05	3.74932e-05	1.54122e-05	3.87681e-05	122671	100	"[[""none"", 100]]"
T037	37	functional_label	2.17815e-05	1.24143e-05	2.85805e-05	1.0105e-05	3.09934e-05	122671	100	"[[""none"", 100]]"
T037	37	domain_label	0.000154772	5.47691e-05	0.000297647	5.34005e-05	0.000407251	122671	100	"[[""none"", 97], [""domain:ABC transmembrane type-1"", 3]]"
T037	37	ptm_label	1.53138e-05	7.43601e-06	2.24301e-05	6.5455e-06	2.3222e-05	122671	100	"[[""none"", 100]]"
T037	37	topology_label	0.000140364	2.69315e-05	0.000444839	2.65942e-05	0.000537241	122671	100	"[[""none"", 79], [""transmembrane region"", 19], [""topological domain"", 1], [""intramembrane region"", 1]]"
T037	37	region_label	5.38742e-05	1.63078e-05	0.000163204	1.58608e-05	0.000165747	122671	100	"[[""none"", 98], [""region of interest:Cytochrome c oxidase subunit II"", 2]]"
T037	37	dominant_pfam	0.00260988	0.00192823	0.00456356	0.00175403	0.00486213	122671	100	"[[""PF02685"", 24], [""PF00146"", 6], [""PF00849"", 6], [""PF00430"", 4], [""PF01040"", 4], [""PF00692"", 4], [""PF02119"", 3], [""PF01255"", 3], [""PF04166"", 3], [""PF00410"", 3]]"
T037	37	aa	0.000408747	0.000416521	0.00116036	0.000407279	0.00126901	122671	100	"[[""I"", 30], [""A"", 21], [""V"", 7], [""G"", 7], [""L"", 5], [""Y"", 5], [""K"", 4], [""W"", 3], [""T"", 3], [""D"", 3]]"
T038	38	pfam_family	0.00199648	0.00182387	0.00390849	0.00180928	0.00434106	122671	100	"[[""none"", 17], [""PF02091"", 8], [""PF00296"", 6], [""PF00116"", 5], [""PF00096"", 3], [""PF00074"", 3], [""PF01168"", 3], [""PF12697"", 3], [""PF04072"", 3], [""PF01967"", 3]]"
T038	38	swiss_category	0.000294801	0.000135114	0.000801407	0.00012958	0.0008882	122671	100	"[[""chain"", 67], [""chain+ptm"", 11], [""chain+domain"", 9], [""chain+functional"", 5], [""chain+topology"", 3], [""chain+domain+topology"", 2], [""chain+functional+topology"", 2], [""chain+domain+ptm+secondary_structure"", 1]]"
T038	38	swiss_feature_type	0.000384782	0.000201236	0.00117647	0.000170114	0.00118384	122671	100	"[[""chain"", 67], [""chain+disulfide bond"", 11], [""chain+domain"", 9], [""binding site+chain"", 5], [""chain+topological domain"", 3], [""chain+domain+transmembrane region"", 2], [""binding site+chain+topological domain"", 2], [""chain+disulfide bond+domain+strand"", 1]]"
T038	38	secondary_structure	1.62627e-05	1.63812e-05	7.6092e-05	1.57076e-05	7.76549e-05	122671	100	"[[""none"", 99], [""strand"", 1]]"
T038	38	functional_label	4.10013e-05	1.34112e-05	0.000173653	1.24456e-05	0.000213873	122671	100	"[[""none"", 93], [""binding site"", 7]]"
T038	38	domain_label	0.000292884	6.19118e-05	0.00096978	5.54876e-05	0.00103279	122671	100	"[[""none"", 88], [""domain:EamA 2"", 3], [""domain:PPIase cyclophilin-type"", 3], [""domain:ATP-cone"", 2], [""domain:Ig-like"", 1], [""domain:CoA carboxyltransferase N-terminal"", 1], [""domain:SprT-like"", 1], [""domain:LIM zinc-binding 2"", 1]]"
T038	38	ptm_label	0.000109568	1.1627e-05	0.000497706	9.56329e-06	0.000556753	122671	100	"[[""none"", 88], [""disulfide bond"", 12]]"
T038	38	topology_label	1.86905e-05	1.26631e-05	0.000145481	9.50551e-06	0.000192694	122671	100	"[[""none"", 93], [""topological domain"", 5], [""transmembrane region"", 2]]"
T038	38	region_label	3.25035e-05	1.88988e-05	5.59095e-05	1.64123e-05	5.7966e-05	122671	100	"[[""none"", 100]]"
T038	38	dominant_pfam	0.00222802	0.00222257	0.00428478	0.00197693	0.00429698	122671	100	"[[""PF02091"", 8], [""PF00296"", 6], [""PF00096"", 5], [""PF00074"", 5], [""PF00116"", 5], [""PF00581"", 4], [""PF03477"", 3], [""PF01168"", 3], [""PF12697"", 3], [""PF02686"", 3]]"
T038	38	aa	0.000803585	0.000701197	0.00173311	0.000662203	0.00198955	122671	100	"[[""C"", 22], [""I"", 12], [""W"", 12], [""N"", 10], [""V"", 8], [""L"", 7], [""Y"", 6], [""Q"", 4], [""D"", 4], [""M"", 3]]"
