triplet_id	motif_type	motif_rank	motif	count	k_mer_q	signature
T001	3mer	1	NNN	13	0.022659124982963064	k-mer+positional+high-norm
T001	3mer	2	LYI	2	0.022659124982963064	k-mer+positional+high-norm
T001	3mer	3	STE	2	0.022659124982963064	k-mer+positional+high-norm
T001	5mer	1	NNNNN	11	0.022659124982963064	k-mer+positional+high-norm
T001	5mer	2	edge	2	0.022659124982963064	k-mer+positional+high-norm
T001	5mer	3	NNNND	1	0.022659124982963064	k-mer+positional+high-norm
T002	3mer	1	YNH	16	0.0014608080575097065	k-mer+positional+high-norm
T002	3mer	2	HNC	15	0.0014608080575097065	k-mer+positional+high-norm
T002	3mer	3	RSC	8	0.0014608080575097065	k-mer+positional+high-norm
T002	5mer	1	HYNHI	15	0.0014608080575097065	k-mer+positional+high-norm
T002	5mer	2	IHNCY	14	0.0014608080575097065	k-mer+positional+high-norm
T002	5mer	3	YRSCN	8	0.0014608080575097065	k-mer+positional+high-norm
T004	3mer	1	HGG	2	0.008308345827086457	k-mer+positional+high-norm
T004	3mer	2	GGG	2	0.008308345827086457	k-mer+positional+high-norm
T004	3mer	3	RGR	2	0.008308345827086457	k-mer+positional+high-norm
T004	5mer	1	KKRSK	1	0.008308345827086457	k-mer+positional+high-norm
T004	5mer	2	HFDVT	1	0.008308345827086457	k-mer+positional+high-norm
T004	5mer	3	VTRYV	1	0.008308345827086457	k-mer+positional+high-norm
T006	3mer	1	NNN	16	0.0014608080575097065	k-mer+positional+high-norm
T006	3mer	2	GKT	2	0.0014608080575097065	k-mer+positional+high-norm
T006	3mer	3	KTT	2	0.0014608080575097065	k-mer+positional+high-norm
T006	5mer	1	NNNNN	14	0.0014608080575097065	k-mer+positional+high-norm
T006	5mer	2	GKTTL	2	0.0014608080575097065	k-mer+positional+high-norm
T006	5mer	3	KTTLT	2	0.0014608080575097065	k-mer+positional+high-norm
T007	3mer	1	NNN	16	0.0014608080575097065	k-mer+positional+high-norm
T007	3mer	2	NND	1	0.0014608080575097065	k-mer+positional+high-norm
T007	3mer	3	KTK	1	0.0014608080575097065	k-mer+positional+high-norm
T007	5mer	1	NNNNN	14	0.0014608080575097065	k-mer+positional+high-norm
T007	5mer	2	NNNDL	1	0.0014608080575097065	k-mer+positional+high-norm
T007	5mer	3	VKTKY	1	0.0014608080575097065	k-mer+positional+high-norm
T008	3mer	1	LPA	3	0.02608585816981619	k-mer+positional+high-norm
T008	3mer	2	LPH	2	0.02608585816981619	k-mer+positional+high-norm
T008	3mer	3	DGD	2	0.02608585816981619	k-mer+positional+high-norm
T008	5mer	1	FDKDG	2	0.02608585816981619	k-mer+positional+high-norm
T008	5mer	2	FLRIG	1	0.02608585816981619	k-mer+positional+high-norm
T008	5mer	3	GNPKT	1	0.02608585816981619	k-mer+positional+high-norm
T011	3mer	1	MKA	15	0.0014608080575097065	k-mer+positional+attention-sink
T011	3mer	2	MKI	9	0.0014608080575097065	k-mer+positional+attention-sink
T011	3mer	3	MTA	7	0.0014608080575097065	k-mer+positional+attention-sink
T011	5mer	1	edge	100	0.0014608080575097065	k-mer+positional+attention-sink
T012	3mer	1	DFD	2	0.007211584081377034	k-mer+positional+high-norm
T012	3mer	2	DED	2	0.007211584081377034	k-mer+positional+high-norm
T012	3mer	3	DEE	2	0.007211584081377034	k-mer+positional+high-norm
T012	5mer	1	LPGKP	1	0.007211584081377034	k-mer+positional+high-norm
T012	5mer	2	SPGPS	1	0.007211584081377034	k-mer+positional+high-norm
T012	5mer	3	PADEE	1	0.007211584081377034	k-mer+positional+high-norm
T015	3mer	1	KGS	2	0.0014608080575097065	k-mer+positional
T015	3mer	2	GFV	2	0.0014608080575097065	k-mer+positional
T015	3mer	3	YEL	1	0.0014608080575097065	k-mer+positional
T015	5mer	1	PYELK	1	0.0014608080575097065	k-mer+positional
T015	5mer	2	YKWIN	1	0.0014608080575097065	k-mer+positional
T015	5mer	3	VDDAG	1	0.0014608080575097065	k-mer+positional
T016	3mer	1	SGK	2	0.00513256885070978	k-mer+high-norm
T016	3mer	2	GKL	2	0.00513256885070978	k-mer+high-norm
T016	3mer	3	GKG	2	0.00513256885070978	k-mer+high-norm
T016	5mer	1	KQSMK	1	0.00513256885070978	k-mer+high-norm
T016	5mer	2	RAAEI	1	0.00513256885070978	k-mer+high-norm
T016	5mer	3	SSGKE	1	0.00513256885070978	k-mer+high-norm
T017	3mer	1	NHI	12	0.0014608080575097065	k-mer+positional+bpe-boundary+high-norm
T017	3mer	2	NHY	11	0.0014608080575097065	k-mer+positional+bpe-boundary+high-norm
T017	3mer	3	IHN	11	0.0014608080575097065	k-mer+positional+bpe-boundary+high-norm
T017	5mer	1	CNHYN	11	0.0014608080575097065	k-mer+positional+bpe-boundary+high-norm
T017	5mer	2	HIHNC	11	0.0014608080575097065	k-mer+positional+bpe-boundary+high-norm
T017	5mer	3	SCNHY	11	0.0014608080575097065	k-mer+positional+bpe-boundary+high-norm
T018	3mer	1	MKK	8	0.0014608080575097065	k-mer+positional+attention-sink
T018	3mer	2	MKI	7	0.0014608080575097065	k-mer+positional+attention-sink
T018	3mer	3	MKA	6	0.0014608080575097065	k-mer+positional+attention-sink
T018	5mer	1	edge	100	0.0014608080575097065	k-mer+positional+attention-sink
T019	3mer	1	QGL	2	0.003902158509786203	k-mer+positional
T019	3mer	2	AGV	2	0.003902158509786203	k-mer+positional
T019	3mer	3	VLL	1	0.003902158509786203	k-mer+positional
T019	5mer	1	LVLLF	1	0.003902158509786203	k-mer+positional
T019	5mer	2	IQPPP	1	0.003902158509786203	k-mer+positional
T019	5mer	3	NTYDN	1	0.003902158509786203	k-mer+positional
T020	3mer	1	TIS	2	0.0027927212864156154	k-mer+positional+high-norm
T020	3mer	2	TTD	2	0.0027927212864156154	k-mer+positional+high-norm
T020	3mer	3	STS	2	0.0027927212864156154	k-mer+positional+high-norm
T020	5mer	1	edge	4	0.0027927212864156154	k-mer+positional+high-norm
T020	5mer	2	TTAMA	1	0.0027927212864156154	k-mer+positional+high-norm
T020	5mer	3	TTDVR	1	0.0027927212864156154	k-mer+positional+high-norm
T021	3mer	1	VEY	3	0.01228797366022871	k-mer+positional+high-norm
T021	3mer	2	KYL	3	0.01228797366022871	k-mer+positional+high-norm
T021	3mer	3	EYL	3	0.01228797366022871	k-mer+positional+high-norm
T021	5mer	1	VEYLV	3	0.01228797366022871	k-mer+positional+high-norm
T021	5mer	2	VVKYL	2	0.01228797366022871	k-mer+positional+high-norm
T021	5mer	3	IVEYL	2	0.01228797366022871	k-mer+positional+high-norm
T022	3mer	1	NNN	16	0.0014608080575097065	k-mer+positional+high-norm
T022	3mer	2	SSS	10	0.0014608080575097065	k-mer+positional+high-norm
T022	3mer	3	QQQ	9	0.0014608080575097065	k-mer+positional+high-norm
T022	5mer	1	NNNNN	14	0.0014608080575097065	k-mer+positional+high-norm
T022	5mer	2	SSSSS	4	0.0014608080575097065	k-mer+positional+high-norm
T022	5mer	3	edge	2	0.0014608080575097065	k-mer+positional+high-norm
T023	3mer	1	MRI	8	0.0014608080575097065	k-mer+positional+attention-sink
T023	3mer	2	MRS	6	0.0014608080575097065	k-mer+positional+attention-sink
T023	3mer	3	MRA	5	0.0014608080575097065	k-mer+positional+attention-sink
T023	5mer	1	edge	100	0.0014608080575097065	k-mer+positional+attention-sink
T025	3mer	1	HNC	14	0.0014608080575097065	k-mer+positional+attention-sink
T025	3mer	2	NHI	10	0.0014608080575097065	k-mer+positional+attention-sink
T025	3mer	3	IHN	10	0.0014608080575097065	k-mer+positional+attention-sink
T025	5mer	1	IHNCY	14	0.0014608080575097065	k-mer+positional+attention-sink
T025	5mer	2	YNHIH	10	0.0014608080575097065	k-mer+positional+attention-sink
T025	5mer	3	HIHNC	10	0.0014608080575097065	k-mer+positional+attention-sink
T027	3mer	1	VVD	2	0.0014608080575097065	k-mer+positional+high-norm
T027	3mer	2	AFE	2	0.0014608080575097065	k-mer+positional+high-norm
T027	3mer	3	REV	2	0.0014608080575097065	k-mer+positional+high-norm
T027	5mer	1	NCIVR	1	0.0014608080575097065	k-mer+positional+high-norm
T027	5mer	2	LIVLH	1	0.0014608080575097065	k-mer+positional+high-norm
T027	5mer	3	MFDLR	1	0.0014608080575097065	k-mer+positional+high-norm
T028	3mer	1	ALA	2	0.0014608080575097065	k-mer+positional
T028	3mer	2	TAP	2	0.0014608080575097065	k-mer+positional
T028	3mer	3	DIA	2	0.0014608080575097065	k-mer+positional
T028	5mer	1	GNKGA	1	0.0014608080575097065	k-mer+positional
T028	5mer	2	FELAY	1	0.0014608080575097065	k-mer+positional
T028	5mer	3	GTRRA	1	0.0014608080575097065	k-mer+positional
T029	3mer	1	SKI	2	0.023471410362234612	k-mer+positional+high-norm
T029	3mer	2	VNE	2	0.023471410362234612	k-mer+positional+high-norm
T029	3mer	3	NFL	1	0.023471410362234612	k-mer+positional+high-norm
T029	5mer	1	KNFLR	1	0.023471410362234612	k-mer+positional+high-norm
T029	5mer	2	YITEL	1	0.023471410362234612	k-mer+positional+high-norm
T029	5mer	3	SYCHS	1	0.023471410362234612	k-mer+positional+high-norm
T030	3mer	1	FRA	2	0.0027927212864156154	k-mer+positional
T030	3mer	2	FRK	2	0.0027927212864156154	k-mer+positional
T030	3mer	3	NGG	2	0.0027927212864156154	k-mer+positional
T030	5mer	1	LFFYP	1	0.0027927212864156154	k-mer+positional
T030	5mer	2	VLFFY	1	0.0027927212864156154	k-mer+positional
T030	5mer	3	TFKSS	1	0.0027927212864156154	k-mer+positional
T031	3mer	1	SPS	5	0.007211584081377034	k-mer+positional+high-norm
T031	3mer	2	SSS	4	0.007211584081377034	k-mer+positional+high-norm
T031	3mer	3	SPT	3	0.007211584081377034	k-mer+positional+high-norm
T031	5mer	1	RSPSP	3	0.007211584081377034	k-mer+positional+high-norm
T031	5mer	2	SSSSS	2	0.007211584081377034	k-mer+positional+high-norm
T031	5mer	3	PSPVS	1	0.007211584081377034	k-mer+positional+high-norm
T033	3mer	1	GGG	16	0.0014608080575097065	k-mer+positional+high-norm
T033	3mer	2	GGA	6	0.0014608080575097065	k-mer+positional+high-norm
T033	3mer	3	PPP	6	0.0014608080575097065	k-mer+positional+high-norm
T033	5mer	1	RGRGR	2	0.0014608080575097065	k-mer+positional+high-norm
T033	5mer	2	SGGGA	2	0.0014608080575097065	k-mer+positional+high-norm
T033	5mer	3	SPPPP	2	0.0014608080575097065	k-mer+positional+high-norm
T034	3mer	1	NNN	10	0.0014608080575097065	k-mer+positional+high-norm
T034	3mer	2	SSS	5	0.0014608080575097065	k-mer+positional+high-norm
T034	3mer	3	SSG	2	0.0014608080575097065	k-mer+positional+high-norm
T034	5mer	1	NNNNN	10	0.0014608080575097065	k-mer+positional+high-norm
T034	5mer	2	SSSTA	2	0.0014608080575097065	k-mer+positional+high-norm
T034	5mer	3	SSSSG	2	0.0014608080575097065	k-mer+positional+high-norm
T036	3mer	1	RGA	2	0.009263660852500579	k-mer+positional+high-norm
T036	3mer	2	PGP	2	0.009263660852500579	k-mer+positional+high-norm
T036	3mer	3	TGP	1	0.009263660852500579	k-mer+positional+high-norm
T036	5mer	1	KTGPS	1	0.009263660852500579	k-mer+positional+high-norm
T036	5mer	2	DEEAA	1	0.009263660852500579	k-mer+positional+high-norm
T036	5mer	3	RGGAK	1	0.009263660852500579	k-mer+positional+high-norm
T038	3mer	1	SCN	17	0.0014608080575097065	k-mer+high-norm
T038	3mer	2	NCY	16	0.0014608080575097065	k-mer+high-norm
T038	3mer	3	HIH	10	0.0014608080575097065	k-mer+high-norm
T038	5mer	1	RSCNH	10	0.0014608080575097065	k-mer+high-norm
T038	5mer	2	NHIHN	10	0.0014608080575097065	k-mer+high-norm
T038	5mer	3	HNCYR	9	0.0014608080575097065	k-mer+high-norm
