triplet_id	rank	min_abs_corr	n_positions	kmer_best_k	kmer_mi_nats	kmer_p	positional_ks	positional_p	bpe_top_rate	bpe_bg_rate	bpe_p	attention_r	attention_p	attention_n	hidden_norm_r	hidden_norm_p	hidden_norm_n	top_k3	top_k5	assigned_category	k_mer_q	positional_q	bpe_boundary_q	attention_sink_q	high_norm_q
T001	1	0.9988359212875366	153628	3	0.008486252870242442	0.010494752623688156	0.2635406804084778	0.0004997501249375312	0.22	0.6589612318274191	1.0	0.00018599298675521687	0.2818590704647676	50000	0.06359785560075154	0.0004997501249375312	50000	"[[""NNN"", 13], [""LYI"", 2], [""STE"", 2], [""NND"", 1], [""ADP"", 1]]"	"[[""NNNNN"", 11], [""edge"", 2], [""NNNND"", 1], [""NNNDL"", 1], [""AADPY"", 1]]"	positional	0.022659124982963064	0.0014608080575097065	1.0	0.4577198580197081	0.0014608080575097065
T002	2	0.995941162109375	153628	3	0.010510302810214537	0.0004997501249375312	0.2014960479736328	0.0009995002498750624	0.67	0.6586681256839143	0.4612693653173413	-0.002694465296542583	1.0	50000	0.0243610850875999	0.0004997501249375312	50000	"[[""YNH"", 16], [""HNC"", 15], [""RSC"", 8], [""IHN"", 6], [""SCN"", 5]]"	"[[""HYNHI"", 15], [""IHNCY"", 14], [""YRSCN"", 8], [""HIHNC"", 6], [""RSCNH"", 5]]"	k-mer	0.0014608080575097065	0.0027927212864156154	0.6793889876767043	1.0	0.0014608080575097065
T003	3	0.9949706792831421	153628	5	0.014216846599993461	0.025487256371814093	0.27189188480377197	0.0004997501249375312	0.68	0.6586616122140587	0.36081959020489757	-0.005478008148454926	1.0	50000	0.00729662726216344	0.020989505247376312	50000	"[[""FDD"", 1], [""KVA"", 1], [""RVV"", 1], [""KWI"", 1], [""LEN"", 1]]"	"[[""YFDDP"", 1], [""EKVAQ"", 1], [""ERVVG"", 1], [""YKWIN"", 1], [""QLENL"", 1]]"	positional	0.05207073882413632	0.0014608080575097065	0.5619321486797585	1.0	0.04334789127175543
T004	4	0.9921011924743652	153628	5	0.01430584634976092	0.0034982508745627187	0.25178118944168093	0.0004997501249375312	0.32	0.6588960971288624	1.0	-0.001662110108750387	1.0	50000	0.04989811955231182	0.0004997501249375312	50000	"[[""HGG"", 2], [""GGG"", 2], [""RGR"", 2], [""GRG"", 2], [""YRG"", 2]]"	"[[""KKRSK"", 1], [""HFDVT"", 1], [""VTRYV"", 1], [""GHFDV"", 1], [""EKRNQ"", 1]]"	positional	0.008308345827086457	0.0014608080575097065	1.0	1.0	0.0014608080575097065
T005	5	0.9916401505470276	153628	5	0.014021270636170728	0.21239380309845077	0.2294422352313995	0.0004997501249375312	0.66	0.65867463915377	0.551224387806097	-0.001689473196228317	1.0	50000	0.005192107560458466	0.0704647676161919	50000	"[[""AAV"", 2], [""PCS"", 2], [""LLA"", 2], [""LLL"", 2], [""RRR"", 2]]"	"[[""SRPGA"", 1], [""CSRPG"", 1], [""MAAVE"", 1], [""MMAAV"", 1], [""VMMAA"", 1]]"	positional	0.3603109159705861	0.0014608080575097065	0.7874634111515671	1.0	0.13388305847076462
T006	6	0.9880761504173279	153628	3	0.008685640451084015	0.0004997501249375312	0.2206269693374634	0.0004997501249375312	0.16	0.6590003126465531	1.0	-0.00032162199376317794	1.0	50000	0.060985330578653664	0.0004997501249375312	50000	"[[""NNN"", 16], [""GKT"", 2], [""KTT"", 2], [""TTL"", 2], [""TLT"", 2]]"	"[[""NNNNN"", 14], [""GKTTL"", 2], [""KTTLT"", 2], [""CFFNE"", 1], [""GGGAA"", 1]]"	k-mer	0.0014608080575097065	0.0014608080575097065	1.0	1.0	0.0014608080575097065
T007	7	0.9868234395980835	153628	3	0.009403931765142199	0.0004997501249375312	0.17326087474822993	0.00399800099950025	0.18	0.6589872857068417	1.0	0.0020050062364009393	0.1924037981009495	50000	0.048405218546749645	0.0004997501249375312	50000	"[[""NNN"", 16], [""NND"", 1], [""KTK"", 1], [""KVL"", 1], [""QEQ"", 1]]"	"[[""NNNNN"", 14], [""NNNDL"", 1], [""VKTKY"", 1], [""NNNND"", 1], [""TKVLC"", 1]]"	k-mer	0.0014608080575097065	0.009263660852500579	1.0	0.33538276733193034	0.0014608080575097065
T008	8	0.9803431630134583	153628	5	0.0142608595381912	0.01249375312343828	0.18733332157135008	0.0024987506246876563	0.63	0.658694179563337	1.0	-0.0022046891285065332	1.0	50000	0.019995469051106392	0.0004997501249375312	50000	"[[""LPA"", 3], [""LPH"", 2], [""DGD"", 2], [""KDG"", 2], [""DKD"", 2]]"	"[[""FDKDG"", 2], [""FLRIG"", 1], [""GNPKT"", 1], [""LLGKM"", 1], [""FMKRT"", 1]]"	high-norm	0.02608585816981619	0.00633016824920873	1.0	1.0	0.0014608080575097065
T009	9	0.9773304462432861	153628	3	0.00811969903839951	0.32733633183408295	0.3667153310775757	0.0004997501249375312	0.67	0.6586681256839143	0.4427786106946527	-0.010807406297527104	1.0	50000	-0.0027719070844777548	1.0	50000	"[[""TSL"", 10], [""LTS"", 3], [""STS"", 3], [""SLT"", 2], [""SLV"", 2]]"	"[[""LTSLV"", 2], [""edge"", 2], [""VLGGE"", 1], [""VKHRD"", 1], [""YHLHI"", 1]]"	positional	0.5182825254039647	0.0014608080575097065	0.667658296835834	1.0	1.0
T010	10	0.9729925394058228	153628	5	0.014205407763746401	0.030484757621189407	0.1592537260055542	0.0079960019990005	0.69	0.658655098744203	0.2768615692153923	-0.0029484327190826146	1.0	50000	0.005738436556494906	0.06796601699150424	50000	"[[""LRE"", 2], [""VGE"", 2], [""EPV"", 2], [""LLP"", 2], [""QPV"", 2]]"	"[[""AYDDA"", 1], [""ALREH"", 1], [""GYDKG"", 1], [""GQVCG"", 1], [""RGQVC"", 1]]"	positional	0.06096951524237881	0.01766558581174529	0.4534801564734874	1.0	0.1304398305897556
T011	11	0.9724106788635254	153628	3	0.01127365121298082	0.0004997501249375312	0.9836956523358822	0.0004997501249375312	0.72	0.658635558334636	0.12593703148425786	0.9214411585243024	0.0004997501249375312	50000	-0.6968635309345005	1.0	50000	"[[""MKA"", 15], [""MKI"", 9], [""MTA"", 7], [""MKT"", 5], [""MKV"", 5]]"	"[[""edge"", 100]]"	k-mer	0.0014608080575097065	0.0014608080575097065	0.23231102895154362	0.0014608080575097065	1.0
T012	12	0.9722421765327454	153628	5	0.014316311312635761	0.0029985007496251873	0.29061948537826543	0.0004997501249375312	0.65	0.6586811526236257	1.0	-0.0014137038527796048	1.0	50000	0.01771517290374234	0.0004997501249375312	50000	"[[""DFD"", 2], [""DED"", 2], [""DEE"", 2], [""DDE"", 2], [""DDF"", 2]]"	"[[""LPGKP"", 1], [""SPGPS"", 1], [""PADEE"", 1], [""DFDNF"", 1], [""DDFDN"", 1]]"	positional	0.007211584081377034	0.0014608080575097065	1.0	1.0	0.0014608080575097065
T013	13	0.9692437052726746	153628	3	0.008352797402027292	0.03798100949525238	0.17025212287902836	0.004497751124437781	0.68	0.6586616122140587	0.3743128435782109	-0.009958420889201328	1.0	50000	0.020392709317979332	0.0004997501249375312	50000	"[[""edge"", 2], [""LLR"", 2], [""LRE"", 2], [""LHE"", 2], [""QQR"", 1]]"	"[[""edge"", 3], [""QQQRL"", 1], [""VNLTR"", 1], [""IQNEL"", 1], [""VTTLR"", 1]]"	high-norm	0.07517074795935366	0.010296056790881667	0.573543873224678	1.0	0.0014608080575097065
T014	14	0.9668936729431152	153628	5	0.014160296779542659	0.062468765617191405	0.2152212405204773	0.0004997501249375312	0.39	0.6588505028398729	1.0	-0.002479417037151021	1.0	50000	0.011706498823659366	0.0004997501249375312	50000	"[[""IID"", 3], [""VKD"", 2], [""VLV"", 2], [""VKN"", 2], [""SPD"", 2]]"	"[[""MYDTR"", 1], [""MYDWL"", 1], [""SLPTN"", 1], [""VVLEV"", 1], [""TVKDA"", 1]]"	positional	0.12111291293128945	0.0014608080575097065	1.0	1.0	0.0014608080575097065
T015	15	0.9654037952423096	153628	3	0.008801657078267818	0.0004997501249375312	0.3263981175422669	0.0004997501249375312	0.57	0.6587332603824709	1.0	-0.002171742085540551	1.0	50000	0.006710147372787564	0.0399800099950025	50000	"[[""KGS"", 2], [""GFV"", 2], [""YEL"", 1], [""KWI"", 1], [""DDA"", 1]]"	"[[""PYELK"", 1], [""YKWIN"", 1], [""VDDAG"", 1], [""EVTHN"", 1], [""GEVTH"", 1]]"	k-mer	0.0014608080575097065	0.0014608080575097065	1.0	1.0	0.07831135978402552
T016	16	0.9650228023529053	153628	5	0.014316311312635553	0.001999000499750125	0.11225130796432498	0.14842578710644677	0.62	0.6587006930331927	1.0	0.002073647678551925	0.18490754622688654	50000	0.015157784344659383	0.0004997501249375312	50000	"[[""SGK"", 2], [""GKL"", 2], [""GKG"", 2], [""ALA"", 2], [""QSM"", 1]]"	"[[""KQSMK"", 1], [""RAAEI"", 1], [""SSGKE"", 1], [""DVGIN"", 1], [""LVIAP"", 1]]"	high-norm	0.00513256885070978	0.26622202917232973	1.0	0.3253003128065597	0.0014608080575097065
T017	17	0.964576780796051	153628	3	0.012109023811879128	0.0004997501249375312	0.3295983898639679	0.0004997501249375312	0.8	0.6585834505757907	0.0029985007496251873	-0.003979627067961092	1.0	50000	0.026053321330536193	0.0004997501249375312	50000	"[[""NHI"", 12], [""NHY"", 11], [""IHN"", 11], [""CNH"", 11], [""HIH"", 11]]"	"[[""CNHYN"", 11], [""HIHNC"", 11], [""SCNHY"", 11], [""YNHIH"", 11], [""NHIHN"", 11]]"	k-mer	0.0014608080575097065	0.0014608080575097065	0.007211584081377034	1.0	0.0014608080575097065
T018	18	0.9637912511825562	153628	3	0.011229589561301002	0.0004997501249375312	0.9852941175922751	0.0004997501249375312	0.63	0.658694179563337	1.0	0.914002738749378	0.0004997501249375312	50000	-0.707174116301092	1.0	50000	"[[""MKK"", 8], [""MKI"", 7], [""MKA"", 6], [""MKT"", 5], [""MTD"", 4]]"	"[[""edge"", 100]]"	k-mer	0.0014608080575097065	0.0014608080575097065	1.0	0.0014608080575097065	1.0
T019	19	0.9636136889457703	153628	3	0.008598435593155672	0.0014992503748125937	0.1904724550247192	0.0014992503748125937	0.66	0.65867463915377	0.5262368815592204	-0.001113141309936084	1.0	50000	0.0028725855577593135	0.23088455772113944	50000	"[[""QGL"", 2], [""AGV"", 2], [""VLL"", 1], [""QPP"", 1], [""TYD"", 1]]"	"[[""LVLLF"", 1], [""IQPPP"", 1], [""NTYDN"", 1], [""PPPAG"", 1], [""PPPSP"", 1]]"	k-mer	0.003902158509786203	0.003902158509786203	0.7632443320324571	1.0	0.38146144319144776
T020	20	0.9626450538635254	153628	3	0.00873562720718702	0.0009995002498750624	0.4113541567325592	0.0004997501249375312	0.7	0.6586485852743473	0.21539230384807595	-0.003499398494093003	1.0	50000	0.01207020692697275	0.0014992503748125937	50000	"[[""TIS"", 2], [""TTD"", 2], [""STS"", 2], [""IST"", 2], [""edge"", 2]]"	"[[""edge"", 4], [""TTAMA"", 1], [""TTDVR"", 1], [""TTDTP"", 1], [""TDVRS"", 1]]"	positional	0.0027927212864156154	0.0014608080575097065	0.3621640507180038	1.0	0.003902158509786203
T021	21	0.9616883993148804	153628	5	0.014299050388288444	0.005497251374312844	0.5365178656578063	0.0004997501249375312	0.69	0.658655098744203	0.3003498250874563	-0.0011090196661441888	1.0	50000	0.01500985371367884	0.0014992503748125937	50000	"[[""VEY"", 3], [""KYL"", 3], [""EYL"", 3], [""VKY"", 2], [""PAA"", 2]]"	"[[""VEYLV"", 3], [""VVKYL"", 2], [""IVEYL"", 2], [""VRYAA"", 1], [""KRFEQ"", 1]]"	positional	0.01228797366022871	0.0014608080575097065	0.4795501408959386	1.0	0.003902158509786203
T022	22	0.9593837857246399	153628	3	0.009618529818683226	0.0004997501249375312	0.15738853693008426	0.010494752623688156	0.39	0.6588505028398729	1.0	-0.001630185447935714	1.0	50000	0.022980933667079918	0.0004997501249375312	50000	"[[""NNN"", 16], [""SSS"", 10], [""QQQ"", 9], [""GEN"", 3], [""HHH"", 2]]"	"[[""NNNNN"", 14], [""SSSSS"", 4], [""edge"", 2], [""HHHGG"", 1], [""VSDLL"", 1]]"	k-mer	0.0014608080575097065	0.022659124982963064	1.0	1.0	0.0014608080575097065
T023	23	0.9587225914001465	153628	3	0.011278677747980366	0.0004997501249375312	0.9825581386685371	0.0004997501249375312	0.64	0.6586876660934813	1.0	0.8852982707547168	0.0004997501249375312	50000	-0.7119863531757665	1.0	50000	"[[""MRI"", 8], [""MRS"", 6], [""MRA"", 5], [""MRF"", 5], [""MRY"", 3]]"	"[[""edge"", 100]]"	k-mer	0.0014608080575097065	0.0014608080575097065	1.0	0.0014608080575097065	1.0
T024	24	0.9557958841323853	153628	3	0.008306423651699563	0.07596201899050475	0.38492447197437285	0.0004997501249375312	0.18	0.6589872857068417	1.0	0.0033790164439188412	0.19540229885057472	50000	0.06169318930266583	0.0004997501249375312	50000	"[[""NNN"", 10], [""SSS"", 4], [""STA"", 2], [""SSG"", 2], [""GAL"", 2]]"	"[[""NNNNN"", 9], [""GKTTL"", 2], [""GGPVG"", 1], [""GGSGG"", 1], [""GGSDS"", 1]]"	positional	0.14289884760590002	0.0014608080575097065	1.0	0.3375130616509927	0.0014608080575097065
T025	25	0.9547032117843628	153628	3	0.011092645780509064	0.0004997501249375312	0.2556903862953186	0.0004997501249375312	0.68	0.6586616122140587	0.3733133433283358	0.07940065103150147	0.0004997501249375312	50000	-0.03801402433424618	1.0	50000	"[[""HNC"", 14], [""NHI"", 10], [""IHN"", 10], [""HIH"", 6], [""WSC"", 4]]"	"[[""IHNCY"", 14], [""YNHIH"", 10], [""HIHNC"", 10], [""NHIHN"", 6], [""YWSCN"", 4]]"	k-mer	0.0014608080575097065	0.0014608080575097065	0.573543873224678	0.0014608080575097065	1.0
T026	26	0.953764021396637	153628	3	0.008061994458607754	0.4272863568215892	0.32264047622680664	0.0004997501249375312	0.57	0.6587332603824709	1.0	-0.01429910305061316	1.0	50000	0.02066453058835134	0.0004997501249375312	50000	"[[""edge"", 2], [""GMG"", 2], [""DML"", 2], [""VVN"", 1], [""GHI"", 1]]"	"[[""edge"", 5], [""IVVNG"", 1], [""NGHIG"", 1], [""HIGFN"", 1], [""GHIGF"", 1]]"	positional	0.6494752623688156	0.0014608080575097065	1.0	1.0	0.0014608080575097065
T027	27	0.9530808925628662	153628	5	0.014344037199857286	0.0004997501249375312	0.34624999046325683	0.0004997501249375312	0.7	0.6586485852743473	0.2178910544727636	-0.004981753466240445	1.0	50000	0.009436458952655371	0.0029985007496251873	50000	"[[""VVD"", 2], [""AFE"", 2], [""REV"", 2], [""CIV"", 1], [""IVL"", 1]]"	"[[""NCIVR"", 1], [""LIVLH"", 1], [""MFDLR"", 1], [""LGAVF"", 1], [""DYLNN"", 1]]"	k-mer	0.0014608080575097065	0.0014608080575097065	0.363151757454606	1.0	0.007211584081377034
T028	28	0.9511821269989014	153628	5	0.014399488974301409	0.0004997501249375312	0.23964981257915496	0.0004997501249375312	0.67	0.6586681256839143	0.47126436781609193	-0.00027032541073254257	1.0	50000	-0.00044443106465262837	1.0	50000	"[[""ALA"", 2], [""TAP"", 2], [""DIA"", 2], [""NKG"", 1], [""ELA"", 1]]"	"[[""GNKGA"", 1], [""FELAY"", 1], [""GTRRA"", 1], [""PTGNL"", 1], [""QPTGN"", 1]]"	k-mer	0.0014608080575097065	0.0014608080575097065	0.6887709991158267	1.0	1.0
T029	29	0.9510179162025452	153628	5	0.014260859538190528	0.010994502748625687	0.3195433747768402	0.0004997501249375312	0.65	0.6586811526236257	1.0	-0.004179365043567512	1.0	50000	0.017144580338722147	0.0004997501249375312	50000	"[[""SKI"", 2], [""VNE"", 2], [""NFL"", 1], [""ITE"", 1], [""YCH"", 1]]"	"[[""KNFLR"", 1], [""YITEL"", 1], [""SYCHS"", 1], [""TYITE"", 1], [""GYFHD"", 1]]"	positional	0.023471410362234612	0.0014608080575097065	1.0	1.0	0.0014608080575097065
T030	30	0.9502952694892883	153628	5	0.014371763087078134	0.0009995002498750624	0.16341708183288575	0.004997501249375313	0.69	0.658655098744203	0.3003498250874563	-0.008671373040345222	1.0	50000	0.0017205461444529673	0.35332333833083457	50000	"[[""FRA"", 2], [""FRK"", 2], [""NGG"", 2], [""FFY"", 1], [""LFF"", 1]]"	"[[""LFFYP"", 1], [""VLFFY"", 1], [""TFKSS"", 1], [""NFKDS"", 1], [""TFRAG"", 1]]"	k-mer	0.0027927212864156154	0.011303871873587017	0.4795501408959386	1.0	0.5548052420070956
T031	31	0.9404901266098022	153628	5	0.01430584634976092	0.0029985007496251873	0.551150438785553	0.0004997501249375312	0.67	0.6586681256839143	0.45327336331834084	-0.0035507979863214087	1.0	50000	0.020307747881328716	0.0004997501249375312	50000	"[[""SPS"", 5], [""SSS"", 4], [""SPT"", 3], [""SPV"", 2], [""DED"", 2]]"	"[[""RSPSP"", 3], [""SSSSS"", 2], [""PSPVS"", 1], [""PSPTS"", 1], [""PSPAG"", 1]]"	positional	0.007211584081377034	0.0014608080575097065	0.6728276486756621	1.0	0.0014608080575097065
T032	32	0.9265597462654114	153628	5	0.014093551585827948	0.09345327336331834	0.15743190675973895	0.01199400299850075	0.67	0.6586681256839143	0.44627686156921537	-0.0026436970120376486	1.0	50000	0.005943888812000668	0.02948525737131434	50000	"[[""GEP"", 6], [""TTD"", 2], [""EPA"", 2], [""VGE"", 2], [""EPF"", 2]]"	"[[""AVGEP"", 2], [""VGEPA"", 2], [""DILPV"", 1], [""TTDVR"", 1], [""TTTIS"", 1]]"	positional	0.17407962685324005	0.025320672996834916	0.667658296835834	1.0	0.05959786064414601
T033	33	0.9194800853729248	153628	3	0.00929668752879556	0.0004997501249375312	0.32696969389915465	0.0004997501249375312	0.64	0.6586876660934813	1.0	-0.00041614564648815775	1.0	50000	0.012514761943931188	0.0004997501249375312	50000	"[[""GGG"", 16], [""GGA"", 6], [""PPP"", 6], [""GGR"", 5], [""SPP"", 3]]"	"[[""RGRGR"", 2], [""SGGGA"", 2], [""SPPPP"", 2], [""GHFDV"", 1], [""FGGGF"", 1]]"	k-mer	0.0014608080575097065	0.0014608080575097065	1.0	1.0	0.0014608080575097065
T034	34	0.9115129709243774	153628	3	0.008701326413015416	0.0004997501249375312	0.5732981485128402	0.0004997501249375312	0.09	0.6590459069355427	1.0	0.00439089192128661	0.14992503748125938	50000	0.08742197147425182	0.0004997501249375312	50000	"[[""NNN"", 10], [""SSS"", 5], [""SSG"", 2], [""SST"", 2], [""ALA"", 1]]"	"[[""NNNNN"", 10], [""SSSTA"", 2], [""SSSSG"", 2], [""KALAA"", 1], [""QNLTA"", 1]]"	k-mer	0.0014608080575097065	0.0014608080575097065	1.0	0.26622202917232973	0.0014608080575097065
T035	35	0.910606861114502	153628	5	0.013672049837383368	0.8325837081459271	0.2249350583553314	0.0004997501249375312	0.63	0.658694179563337	1.0	-0.0024431172121198055	1.0	50000	0.019283803863750462	0.0004997501249375312	50000	"[[""AKA"", 4], [""KAA"", 3], [""edge"", 2], [""SGT"", 2], [""APV"", 1]]"	"[[""edge"", 5], [""KAPVP"", 1], [""TASGA"", 1], [""APKAI"", 1], [""QAKAL"", 1]]"	positional	1.0	0.0014608080575097065	1.0	1.0	0.0014608080575097065
T036	36	0.9045736193656921	153628	5	0.014288585425414689	0.00399800099950025	0.43272728085517886	0.0004997501249375312	0.64	0.6586876660934813	1.0	-0.0028586323535090305	1.0	50000	0.016188317925716532	0.0014992503748125937	50000	"[[""RGA"", 2], [""PGP"", 2], [""TGP"", 1], [""EEA"", 1], [""GGA"", 1]]"	"[[""KTGPS"", 1], [""DEEAA"", 1], [""RGGAK"", 1], [""EDEEA"", 1], [""GDDSV"", 1]]"	positional	0.009263660852500579	0.0014608080575097065	1.0	1.0	0.003902158509786203
T037	37	0.9023014307022095	153628	5	0.014058398745251974	0.14942528735632185	0.10607030391693117	0.2108945527236382	0.66	0.65867463915377	0.5507246376811594	-0.0028366724454680177	1.0	50000	-0.0010733248868358947	1.0	50000	"[[""IAI"", 7], [""AIV"", 3], [""AII"", 2], [""LIA"", 2], [""IVI"", 2]]"	"[[""edge"", 2], [""LPVCD"", 1], [""QEISL"", 1], [""WAGWA"", 1], [""LWAGW"", 1]]"	unknown	0.26622202917232973	0.3603109159705861	0.7874634111515671	1.0	1.0
T038	38	0.9011171460151672	153628	3	0.011732009219766134	0.0004997501249375312	0.11426830649375913	0.12893553223388307	0.63	0.658694179563337	1.0	-0.005353687135106884	1.0	50000	0.049410203391924076	0.0004997501249375312	50000	"[[""SCN"", 17], [""NCY"", 16], [""HIH"", 10], [""WCY"", 2], [""CND"", 2]]"	"[[""RSCNH"", 10], [""NHIHN"", 10], [""HNCYR"", 9], [""HNCYW"", 7], [""WSCNH"", 7]]"	k-mer	0.0014608080575097065	0.23555529927344024	1.0	1.0	0.0014608080575097065
