triplet_id	rank	assigned_category	n_significant	significant_tests	signature	cluster	k_mer_q	positional_q	bpe_boundary_q	attention_sink_q	high_norm_q	attention_r	hidden_norm_r	kmer_best_k	kmer_mi_nats	positional_ks
T001	1	positional	3	k-mer;positional;high-norm	k-mer+positional+high-norm	multi-entangled kmer+positional+high-norm	0.022659124982963064	0.0014608080575097065	1.0	0.4577198580197081	0.0014608080575097065	0.00018599298675521687	0.06359785560075154	3	0.008486252870242442	0.2635406804084778
T002	2	k-mer	3	k-mer;positional;high-norm	k-mer+positional+high-norm	multi-entangled kmer+positional+high-norm	0.0014608080575097065	0.0027927212864156154	0.6793889876767043	1.0	0.0014608080575097065	-0.002694465296542583	0.0243610850875999	3	0.010510302810214537	0.2014960479736328
T003	3	positional	2	positional;high-norm	positional+high-norm	positional+high-norm	0.05207073882413632	0.0014608080575097065	0.5619321486797585	1.0	0.04334789127175543	-0.005478008148454926	0.00729662726216344	5	0.014216846599993461	0.27189188480377197
T004	4	positional	3	k-mer;positional;high-norm	k-mer+positional+high-norm	multi-entangled kmer+positional+high-norm	0.008308345827086457	0.0014608080575097065	1.0	1.0	0.0014608080575097065	-0.001662110108750387	0.04989811955231182	5	0.01430584634976092	0.25178118944168093
T005	5	positional	1	positional	positional	positional-only	0.3603109159705861	0.0014608080575097065	0.7874634111515671	1.0	0.13388305847076462	-0.001689473196228317	0.005192107560458466	5	0.014021270636170728	0.2294422352313995
T006	6	k-mer	3	k-mer;positional;high-norm	k-mer+positional+high-norm	multi-entangled kmer+positional+high-norm	0.0014608080575097065	0.0014608080575097065	1.0	1.0	0.0014608080575097065	-0.00032162199376317794	0.060985330578653664	3	0.008685640451084015	0.2206269693374634
T007	7	k-mer	3	k-mer;positional;high-norm	k-mer+positional+high-norm	multi-entangled kmer+positional+high-norm	0.0014608080575097065	0.009263660852500579	1.0	0.33538276733193034	0.0014608080575097065	0.0020050062364009393	0.048405218546749645	3	0.009403931765142199	0.17326087474822993
T008	8	high-norm	3	k-mer;positional;high-norm	k-mer+positional+high-norm	multi-entangled kmer+positional+high-norm	0.02608585816981619	0.00633016824920873	1.0	1.0	0.0014608080575097065	-0.0022046891285065332	0.019995469051106392	5	0.0142608595381912	0.18733332157135008
T009	9	positional	1	positional	positional	positional-only	0.5182825254039647	0.0014608080575097065	0.667658296835834	1.0	1.0	-0.010807406297527104	-0.0027719070844777548	3	0.00811969903839951	0.3667153310775757
T010	10	positional	1	positional	positional	positional-only	0.06096951524237881	0.01766558581174529	0.4534801564734874	1.0	0.1304398305897556	-0.0029484327190826146	0.005738436556494906	5	0.014205407763746401	0.1592537260055542
T011	11	k-mer	3	k-mer;positional;attention-sink	k-mer+positional+attention-sink	attention-sink subset	0.0014608080575097065	0.0014608080575097065	0.23231102895154362	0.0014608080575097065	1.0	0.9214411585243024	-0.6968635309345005	3	0.01127365121298082	0.9836956523358822
T012	12	positional	3	k-mer;positional;high-norm	k-mer+positional+high-norm	multi-entangled kmer+positional+high-norm	0.007211584081377034	0.0014608080575097065	1.0	1.0	0.0014608080575097065	-0.0014137038527796048	0.01771517290374234	5	0.014316311312635761	0.29061948537826543
T013	13	high-norm	2	positional;high-norm	positional+high-norm	positional+high-norm	0.07517074795935366	0.010296056790881667	0.573543873224678	1.0	0.0014608080575097065	-0.009958420889201328	0.020392709317979332	3	0.008352797402027292	0.17025212287902836
T014	14	positional	2	positional;high-norm	positional+high-norm	positional+high-norm	0.12111291293128945	0.0014608080575097065	1.0	1.0	0.0014608080575097065	-0.002479417037151021	0.011706498823659366	5	0.014160296779542659	0.2152212405204773
T015	15	k-mer	2	k-mer;positional	k-mer+positional	kmer-dominant mixed	0.0014608080575097065	0.0014608080575097065	1.0	1.0	0.07831135978402552	-0.002171742085540551	0.006710147372787564	3	0.008801657078267818	0.3263981175422669
T016	16	high-norm	2	k-mer;high-norm	k-mer+high-norm	kmer-dominant mixed	0.00513256885070978	0.26622202917232973	1.0	0.3253003128065597	0.0014608080575097065	0.002073647678551925	0.015157784344659383	5	0.014316311312635553	0.11225130796432498
T017	17	k-mer	4	k-mer;positional;bpe-boundary;high-norm	k-mer+positional+bpe-boundary+high-norm	multi-entangled kmer+positional+high-norm	0.0014608080575097065	0.0014608080575097065	0.007211584081377034	1.0	0.0014608080575097065	-0.003979627067961092	0.026053321330536193	3	0.012109023811879128	0.3295983898639679
T018	18	k-mer	3	k-mer;positional;attention-sink	k-mer+positional+attention-sink	attention-sink subset	0.0014608080575097065	0.0014608080575097065	1.0	0.0014608080575097065	1.0	0.914002738749378	-0.707174116301092	3	0.011229589561301002	0.9852941175922751
T019	19	k-mer	2	k-mer;positional	k-mer+positional	kmer-dominant mixed	0.003902158509786203	0.003902158509786203	0.7632443320324571	1.0	0.38146144319144776	-0.001113141309936084	0.0028725855577593135	3	0.008598435593155672	0.1904724550247192
T020	20	positional	3	k-mer;positional;high-norm	k-mer+positional+high-norm	multi-entangled kmer+positional+high-norm	0.0027927212864156154	0.0014608080575097065	0.3621640507180038	1.0	0.003902158509786203	-0.003499398494093003	0.01207020692697275	3	0.00873562720718702	0.4113541567325592
T021	21	positional	3	k-mer;positional;high-norm	k-mer+positional+high-norm	multi-entangled kmer+positional+high-norm	0.01228797366022871	0.0014608080575097065	0.4795501408959386	1.0	0.003902158509786203	-0.0011090196661441888	0.01500985371367884	5	0.014299050388288444	0.5365178656578063
T022	22	k-mer	3	k-mer;positional;high-norm	k-mer+positional+high-norm	multi-entangled kmer+positional+high-norm	0.0014608080575097065	0.022659124982963064	1.0	1.0	0.0014608080575097065	-0.001630185447935714	0.022980933667079918	3	0.009618529818683226	0.15738853693008426
T023	23	k-mer	3	k-mer;positional;attention-sink	k-mer+positional+attention-sink	attention-sink subset	0.0014608080575097065	0.0014608080575097065	1.0	0.0014608080575097065	1.0	0.8852982707547168	-0.7119863531757665	3	0.011278677747980366	0.9825581386685371
T024	24	positional	2	positional;high-norm	positional+high-norm	positional+high-norm	0.14289884760590002	0.0014608080575097065	1.0	0.3375130616509927	0.0014608080575097065	0.0033790164439188412	0.06169318930266583	3	0.008306423651699563	0.38492447197437285
T025	25	k-mer	3	k-mer;positional;attention-sink	k-mer+positional+attention-sink	attention-sink subset	0.0014608080575097065	0.0014608080575097065	0.573543873224678	0.0014608080575097065	1.0	0.07940065103150147	-0.03801402433424618	3	0.011092645780509064	0.2556903862953186
T026	26	positional	2	positional;high-norm	positional+high-norm	positional+high-norm	0.6494752623688156	0.0014608080575097065	1.0	1.0	0.0014608080575097065	-0.01429910305061316	0.02066453058835134	3	0.008061994458607754	0.32264047622680664
T027	27	k-mer	3	k-mer;positional;high-norm	k-mer+positional+high-norm	multi-entangled kmer+positional+high-norm	0.0014608080575097065	0.0014608080575097065	0.363151757454606	1.0	0.007211584081377034	-0.004981753466240445	0.009436458952655371	5	0.014344037199857286	0.34624999046325683
T028	28	k-mer	2	k-mer;positional	k-mer+positional	kmer-dominant mixed	0.0014608080575097065	0.0014608080575097065	0.6887709991158267	1.0	1.0	-0.00027032541073254257	-0.00044443106465262837	5	0.014399488974301409	0.23964981257915496
T029	29	positional	3	k-mer;positional;high-norm	k-mer+positional+high-norm	multi-entangled kmer+positional+high-norm	0.023471410362234612	0.0014608080575097065	1.0	1.0	0.0014608080575097065	-0.004179365043567512	0.017144580338722147	5	0.014260859538190528	0.3195433747768402
T030	30	k-mer	2	k-mer;positional	k-mer+positional	kmer-dominant mixed	0.0027927212864156154	0.011303871873587017	0.4795501408959386	1.0	0.5548052420070956	-0.008671373040345222	0.0017205461444529673	5	0.014371763087078134	0.16341708183288575
T031	31	positional	3	k-mer;positional;high-norm	k-mer+positional+high-norm	multi-entangled kmer+positional+high-norm	0.007211584081377034	0.0014608080575097065	0.6728276486756621	1.0	0.0014608080575097065	-0.0035507979863214087	0.020307747881328716	5	0.01430584634976092	0.551150438785553
T032	32	positional	1	positional	positional	positional-only	0.17407962685324005	0.025320672996834916	0.667658296835834	1.0	0.05959786064414601	-0.0026436970120376486	0.005943888812000668	5	0.014093551585827948	0.15743190675973895
T033	33	k-mer	3	k-mer;positional;high-norm	k-mer+positional+high-norm	multi-entangled kmer+positional+high-norm	0.0014608080575097065	0.0014608080575097065	1.0	1.0	0.0014608080575097065	-0.00041614564648815775	0.012514761943931188	3	0.00929668752879556	0.32696969389915465
T034	34	k-mer	3	k-mer;positional;high-norm	k-mer+positional+high-norm	multi-entangled kmer+positional+high-norm	0.0014608080575097065	0.0014608080575097065	1.0	0.26622202917232973	0.0014608080575097065	0.00439089192128661	0.08742197147425182	3	0.008701326413015416	0.5732981485128402
T035	35	positional	2	positional;high-norm	positional+high-norm	positional+high-norm	1.0	0.0014608080575097065	1.0	1.0	0.0014608080575097065	-0.0024431172121198055	0.019283803863750462	5	0.013672049837383368	0.2249350583553314
T036	36	positional	3	k-mer;positional;high-norm	k-mer+positional+high-norm	multi-entangled kmer+positional+high-norm	0.009263660852500579	0.0014608080575097065	1.0	1.0	0.003902158509786203	-0.0028586323535090305	0.016188317925716532	5	0.014288585425414689	0.43272728085517886
T037	37	unknown	0	none	none	unknown	0.26622202917232973	0.3603109159705861	0.7874634111515671	1.0	1.0	-0.0028366724454680177	-0.0010733248868358947	5	0.014058398745251974	0.10607030391693117
T038	38	k-mer	2	k-mer;high-norm	k-mer+high-norm	kmer-dominant mixed	0.0014608080575097065	0.23555529927344024	1.0	1.0	0.0014608080575097065	-0.005353687135106884	0.049410203391924076	3	0.011732009219766134	0.11426830649375913
